DATAFLOW,LAST UPDATE,freq,unit,na_item,geo,TIME_PERIOD,OBS_VALUE,OBS_FLAG,CONF_STATUS
ESTAT:NAMA_10_PC(1.0),02/12/25 11:00:00,Annual,"Current prices, purchasing power standard (PPS, EU27 from 2020) per capita",Gross domestic product at market prices,Albania,2013,7642.6,,
ESTAT:NAMA_10_PC(1.0),02/12/25 11:00:00,Annual,"Current prices, purchasing power standard (PPS, EU27 from 2020) per capita",Gross domestic product at market prices,Albania,2014,8111.7,,
ESTAT:NAMA_10_PC(1.0),02/12/25 11:00:00,Annual,"Current prices, purchasing power standard (PPS, EU27 from 2020) per capita",Gross domestic product at market prices,Albania,2015,8444.4,,
ESTAT:NAMA_10_PC(1.0),02/12/25 11:00:00,Annual,"Current prices, purchasing power standard (PPS, EU27 from 2020) per capita",Gross domestic product at market prices,Albania,2016,8480.8,,
ESTAT:NAMA_10_PC(1.0),02/12/25 11:00:00,Annual,"Current prices, purchasing power standard (PPS, EU27 from 2020) per capita",Gross domestic product at market prices,Albania,2017,8932.7,,
ESTAT:NAMA_10_PC(1.0),02/12/25 11:00:00,Annual,"Current prices, purchasing power standard (PPS, EU27 from 2020) per capita",Gross domestic product at market prices,Albania,2018,9287.2,,
ESTAT:NAMA_10_PC(1.0),02/12/25 11:00:00,Annual,"Current prices, purchasing power standard (PPS, EU27 from 2020) per capita",Gross domestic product at market prices,Albania,2019,9619.5,,
ESTAT:NAMA_10_PC(1.0),02/12/25 11:00:00,Annual,"Current prices, purchasing power standard (PPS, EU27 from 2020) per capita",Gross domestic product at market prices,Albania,2020,9269.8,,
ESTAT:NAMA_10_PC(1.0),02/12/25 11:00:00,Annual,"Current prices, purchasing power standard (PPS, EU27 from 2020) per capita",Gross domestic product at market prices,Albania,2021,10286.7,,
ESTAT:NAMA_10_PC(1.0),02/12/25 11:00:00,Annual,"Current prices, purchasing power standard (PPS, EU27 from 2020) per capita",Gross domestic product at market prices,Albania,2022,12188.9,,
ESTAT:NAMA_10_PC(1.0),02/12/25 11:00:00,Annual,"Current prices, purchasing power standard (PPS, EU27 from 2020) per capita",Gross domestic product at market prices,Austria,2013,34310.7,,
ESTAT:NAMA_10_PC(1.0),02/12/25 11:00:00,Annual,"Current prices, purchasing power standard (PPS, EU27 from 2020) per capita",Gross domestic product at market prices,Austria,2014,34668.8,,
ESTAT:NAMA_10_PC(1.0),02/12/25 11:00:00,Annual,"Current prices, purchasing power standard (PPS, EU27 from 2020) per capita",Gross domestic product at market prices,Austria,2015,35681.6,,
ESTAT:NAMA_10_PC(1.0),02/12/25 11:00:00,Annual,"Current prices, purchasing power standard (PPS, EU27 from 2020) per capita",Gross domestic product at market prices,Austria,2016,36385.4,,
ESTAT:NAMA_10_PC(1.0),02/12/25 11:00:00,Annual,"Current prices, purchasing power standard (PPS, EU27 from 2020) per capita",Gross domestic product at market prices,Austria,2017,37011.9,,
ESTAT:NAMA_10_PC(1.0),02/12/25 11:00:00,Annual,"Current prices, purchasing power standard (PPS, EU27 from 2020) per capita",Gross domestic product at market prices,Austria,2018,38414.6,,
ESTAT:NAMA_10_PC(1.0),02/12/25 11:00:00,Annual,"Current prices, purchasing power standard (PPS, EU27 from 2020) per capita",Gross domestic product at market prices,Austria,2019,39259.3,,
ESTAT:NAMA_10_PC(1.0),02/12/25 11:00:00,Annual,"Current prices, purchasing power standard (PPS, EU27 from 2020) per capita",Gross domestic product at market prices,Austria,2020,37382.4,,
ESTAT:NAMA_10_PC(1.0),02/12/25 11:00:00,Annual,"Current prices, purchasing power standard (PPS, EU27 from 2020) per capita",Gross domestic product at market prices,Austria,2021,40182.4,,
ESTAT:NAMA_10_PC(1.0),02/12/25 11:00:00,Annual,"Current prices, purchasing power standard (PPS, EU27 from 2020) per capita",Gross domestic product at market prices,Austria,2022,44418.8,,
ESTAT:NAMA_10_PC(1.0),02/12/25 11:00:00,Annual,"Current prices, purchasing power standard (PPS, EU27 from 2020) per capita",Gross domestic product at market prices,Austria,2023,46171.3,,
ESTAT:NAMA_10_PC(1.0),02/12/25 11:00:00,Annual,"Current prices, purchasing power standard (PPS, EU27 from 2020) per capita",Gross domestic product at market prices,Austria,2024,46883.1,,
ESTAT:NAMA_10_PC(1.0),02/12/25 11:00:00,Annual,"Current prices, purchasing power standard (PPS, EU27 from 2020) per capita",Gross domestic product at market prices,Belgium,2013,31661.5,,
ESTAT:NAMA_10_PC(1.0),02/12/25 11:00:00,Annual,"Current prices, purchasing power standard (PPS, EU27 from 2020) per capita",Gross domestic product at market prices,Belgium,2014,32359.7,,
ESTAT:NAMA_10_PC(1.0),02/12/25 11:00:00,Annual,"Current prices, purchasing power standard (PPS, EU27 from 2020) per capita",Gross domestic product at market prices,Belgium,2015,33127.0,,
ESTAT:NAMA_10_PC(1.0),02/12/25 11:00:00,Annual,"Current prices, purchasing power standard (PPS, EU27 from 2020) per capita",Gross domestic product at market prices,Belgium,2016,33631.3,,
ESTAT:NAMA_10_PC(1.0),02/12/25 11:00:00,Annual,"Current prices, purchasing power standard (PPS, EU27 from 2020) per capita",Gross domestic product at market prices,Belgium,2017,34519.2,,
ESTAT:NAMA_10_PC(1.0),02/12/25 11:00:00,Annual,"Current prices, purchasing power standard (PPS, EU27 from 2020) per capita",Gross domestic product at market prices,Belgium,2018,35574.9,,
ESTAT:NAMA_10_PC(1.0),02/12/25 11:00:00,Annual,"Current prices, purchasing power standard (PPS, EU27 from 2020) per capita",Gross domestic product at market prices,Belgium,2019,36880.6,,
ESTAT:NAMA_10_PC(1.0),02/12/25 11:00:00,Annual,"Current prices, purchasing power standard (PPS, EU27 from 2020) per capita",Gross domestic product at market prices,Belgium,2020,35847.3,,
ESTAT:NAMA_10_PC(1.0),02/12/25 11:00:00,Annual,"Current prices, purchasing power standard (PPS, EU27 from 2020) per capita",Gross domestic product at market prices,Belgium,2021,38696.1,,
ESTAT:NAMA_10_PC(1.0),02/12/25 11:00:00,Annual,"Current prices, purchasing power standard (PPS, EU27 from 2020) per capita",Gross domestic product at market prices,Belgium,2022,42539.5,,
ESTAT:NAMA_10_PC(1.0),02/12/25 11:00:00,Annual,"Current prices, purchasing power standard (PPS, EU27 from 2020) per capita",Gross domestic product at market prices,Belgium,2023,45291.9,,
ESTAT:NAMA_10_PC(1.0),02/12/25 11:00:00,Annual,"Current prices, purchasing power standard (PPS, EU27 from 2020) per capita",Gross domestic product at market prices,Belgium,2024,46651.6,p,
ESTAT:NAMA_10_PC(1.0),02/12/25 11:00:00,Annual,"Current prices, purchasing power standard (PPS, EU27 from 2020) per capita",Gross domestic product at market prices,Bulgaria,2013,12194.1,,
ESTAT:NAMA_10_PC(1.0),02/12/25 11:00:00,Annual,"Current prices, purchasing power standard (PPS, EU27 from 2020) per capita",Gross domestic product at market prices,Bulgaria,2014,12895.0,,
ESTAT:NAMA_10_PC(1.0),02/12/25 11:00:00,Annual,"Current prices, purchasing power standard (PPS, EU27 from 2020) per capita",Gross domestic product at market prices,Bulgaria,2015,13586.8,,
ESTAT:NAMA_10_PC(1.0),02/12/25 11:00:00,Annual,"Current prices, purchasing power standard (PPS, EU27 from 2020) per capita",Gross domestic product at market prices,Bulgaria,2016,14411.2,,
ESTAT:NAMA_10_PC(1.0),02/12/25 11:00:00,Annual,"Current prices, purchasing power standard (PPS, EU27 from 2020) per capita",Gross domestic product at market prices,Bulgaria,2017,15329.1,,
ESTAT:NAMA_10_PC(1.0),02/12/25 11:00:00,Annual,"Current prices, purchasing power standard (PPS, EU27 from 2020) per capita",Gross domestic product at market prices,Bulgaria,2018,16271.7,,
ESTAT:NAMA_10_PC(1.0),02/12/25 11:00:00,Annual,"Current prices, purchasing power standard (PPS, EU27 from 2020) per capita",Gross domestic product at market prices,Bulgaria,2019,17405.9,,
ESTAT:NAMA_10_PC(1.0),02/12/25 11:00:00,Annual,"Current prices, purchasing power standard (PPS, EU27 from 2020) per capita",Gross domestic product at market prices,Bulgaria,2020,17471.5,,
ESTAT:NAMA_10_PC(1.0),02/12/25 11:00:00,Annual,"Current prices, purchasing power standard (PPS, EU27 from 2020) per capita",Gross domestic product at market prices,Bulgaria,2021,19746.7,,
ESTAT:NAMA_10_PC(1.0),02/12/25 11:00:00,Annual,"Current prices, purchasing power standard (PPS, EU27 from 2020) per capita",Gross domestic product at market prices,Bulgaria,2022,22449.1,,
ESTAT:NAMA_10_PC(1.0),02/12/25 11:00:00,Annual,"Current prices, purchasing power standard (PPS, EU27 from 2020) per capita",Gross domestic product at market prices,Bulgaria,2023,24284.8,,
ESTAT:NAMA_10_PC(1.0),02/12/25 11:00:00,Annual,"Current prices, purchasing power standard (PPS, EU27 from 2020) per capita",Gross domestic product at market prices,Bulgaria,2024,26509.9,,
ESTAT:NAMA_10_PC(1.0),02/12/25 11:00:00,Annual,"Current prices, purchasing power standard (PPS, EU27 from 2020) per capita",Gross domestic product at market prices,Cyprus,2013,21994.2,,
ESTAT:NAMA_10_PC(1.0),02/12/25 11:00:00,Annual,"Current prices, purchasing power standard (PPS, EU27 from 2020) per capita",Gross domestic product at market prices,Cyprus,2014,21426.8,,
ESTAT:NAMA_10_PC(1.0),02/12/25 11:00:00,Annual,"Current prices, purchasing power standard (PPS, EU27 from 2020) per capita",Gross domestic product at market prices,Cyprus,2015,22563.3,,
ESTAT:NAMA_10_PC(1.0),02/12/25 11:00:00,Annual,"Current prices, purchasing power standard (PPS, EU27 from 2020) per capita",Gross domestic product at market prices,Cyprus,2016,24483.5,,
ESTAT:NAMA_10_PC(1.0),02/12/25 11:00:00,Annual,"Current prices, purchasing power standard (PPS, EU27 from 2020) per capita",Gross domestic product at market prices,Cyprus,2017,25941.6,,
ESTAT:NAMA_10_PC(1.0),02/12/25 11:00:00,Annual,"Current prices, purchasing power standard (PPS, EU27 from 2020) per capita",Gross domestic product at market prices,Cyprus,2018,27299.9,,
ESTAT:NAMA_10_PC(1.0),02/12/25 11:00:00,Annual,"Current prices, purchasing power standard (PPS, EU27 from 2020) per capita",Gross domestic product at market prices,Cyprus,2019,28870.1,,
ESTAT:NAMA_10_PC(1.0),02/12/25 11:00:00,Annual,"Current prices, purchasing power standard (PPS, EU27 from 2020) per capita",Gross domestic product at market prices,Cyprus,2020,27191.8,,
ESTAT:NAMA_10_PC(1.0),02/12/25 11:00:00,Annual,"Current prices, purchasing power standard (PPS, EU27 from 2020) per capita",Gross domestic product at market prices,Cyprus,2021,30380.5,,
ESTAT:NAMA_10_PC(1.0),02/12/25 11:00:00,Annual,"Current prices, purchasing power standard (PPS, EU27 from 2020) per capita",Gross domestic product at market prices,Cyprus,2022,34379.7,,
ESTAT:NAMA_10_PC(1.0),02/12/25 11:00:00,Annual,"Current prices, purchasing power standard (PPS, EU27 from 2020) per capita",Gross domestic product at market prices,Cyprus,2023,37188.4,,
ESTAT:NAMA_10_PC(1.0),02/12/25 11:00:00,Annual,"Current prices, purchasing power standard (PPS, EU27 from 2020) per capita",Gross domestic product at market prices,Cyprus,2024,39121.6,p,
ESTAT:NAMA_10_PC(1.0),02/12/25 11:00:00,Annual,"Current prices, purchasing power standard (PPS, EU27 from 2020) per capita",Gross domestic product at market prices,Czechia,2013,22410.8,,
ESTAT:NAMA_10_PC(1.0),02/12/25 11:00:00,Annual,"Current prices, purchasing power standard (PPS, EU27 from 2020) per capita",Gross domestic product at market prices,Czechia,2014,23517.3,,
ESTAT:NAMA_10_PC(1.0),02/12/25 11:00:00,Annual,"Current prices, purchasing power standard (PPS, EU27 from 2020) per capita",Gross domestic product at market prices,Czechia,2015,24603.6,,
ESTAT:NAMA_10_PC(1.0),02/12/25 11:00:00,Annual,"Current prices, purchasing power standard (PPS, EU27 from 2020) per capita",Gross domestic product at market prices,Czechia,2016,25443.5,,
ESTAT:NAMA_10_PC(1.0),02/12/25 11:00:00,Annual,"Current prices, purchasing power standard (PPS, EU27 from 2020) per capita",Gross domestic product at market prices,Czechia,2017,27214.4,,
ESTAT:NAMA_10_PC(1.0),02/12/25 11:00:00,Annual,"Current prices, purchasing power standard (PPS, EU27 from 2020) per capita",Gross domestic product at market prices,Czechia,2018,28489.3,,
ESTAT:NAMA_10_PC(1.0),02/12/25 11:00:00,Annual,"Current prices, purchasing power standard (PPS, EU27 from 2020) per capita",Gross domestic product at market prices,Czechia,2019,30004.9,,
ESTAT:NAMA_10_PC(1.0),02/12/25 11:00:00,Annual,"Current prices, purchasing power standard (PPS, EU27 from 2020) per capita",Gross domestic product at market prices,Czechia,2020,29175.6,,
ESTAT:NAMA_10_PC(1.0),02/12/25 11:00:00,Annual,"Current prices, purchasing power standard (PPS, EU27 from 2020) per capita",Gross domestic product at market prices,Czechia,2021,30499.9,,
ESTAT:NAMA_10_PC(1.0),02/12/25 11:00:00,Annual,"Current prices, purchasing power standard (PPS, EU27 from 2020) per capita",Gross domestic product at market prices,Czechia,2022,32148.5,,
ESTAT:NAMA_10_PC(1.0),02/12/25 11:00:00,Annual,"Current prices, purchasing power standard (PPS, EU27 from 2020) per capita",Gross domestic product at market prices,Czechia,2023,34664.5,,
ESTAT:NAMA_10_PC(1.0),02/12/25 11:00:00,Annual,"Current prices, purchasing power standard (PPS, EU27 from 2020) per capita",Gross domestic product at market prices,Czechia,2024,36435.9,,
ESTAT:NAMA_10_PC(1.0),02/12/25 11:00:00,Annual,"Current prices, purchasing power standard (PPS, EU27 from 2020) per capita",Gross domestic product at market prices,Germany,2013,33166.8,,
ESTAT:NAMA_10_PC(1.0),02/12/25 11:00:00,Annual,"Current prices, purchasing power standard (PPS, EU27 from 2020) per capita",Gross domestic product at market prices,Germany,2014,34447.9,,
ESTAT:NAMA_10_PC(1.0),02/12/25 11:00:00,Annual,"Current prices, purchasing power standard (PPS, EU27 from 2020) per capita",Gross domestic product at market prices,Germany,2015,35067.2,,
ESTAT:NAMA_10_PC(1.0),02/12/25 11:00:00,Annual,"Current prices, purchasing power standard (PPS, EU27 from 2020) per capita",Gross domestic product at market prices,Germany,2016,36023.8,,
ESTAT:NAMA_10_PC(1.0),02/12/25 11:00:00,Annual,"Current prices, purchasing power standard (PPS, EU27 from 2020) per capita",Gross domestic product at market prices,Germany,2017,37469.8,,
ESTAT:NAMA_10_PC(1.0),02/12/25 11:00:00,Annual,"Current prices, purchasing power standard (PPS, EU27 from 2020) per capita",Gross domestic product at market prices,Germany,2018,38536.3,,
ESTAT:NAMA_10_PC(1.0),02/12/25 11:00:00,Annual,"Current prices, purchasing power standard (PPS, EU27 from 2020) per capita",Gross domestic product at market prices,Germany,2019,38988.0,,
ESTAT:NAMA_10_PC(1.0),02/12/25 11:00:00,Annual,"Current prices, purchasing power standard (PPS, EU27 from 2020) per capita",Gross domestic product at market prices,Germany,2020,37970.8,,
ESTAT:NAMA_10_PC(1.0),02/12/25 11:00:00,Annual,"Current prices, purchasing power standard (PPS, EU27 from 2020) per capita",Gross domestic product at market prices,Germany,2021,40533.0,,
ESTAT:NAMA_10_PC(1.0),02/12/25 11:00:00,Annual,"Current prices, purchasing power standard (PPS, EU27 from 2020) per capita",Gross domestic product at market prices,Germany,2022,43403.4,p,
ESTAT:NAMA_10_PC(1.0),02/12/25 11:00:00,Annual,"Current prices, purchasing power standard (PPS, EU27 from 2020) per capita",Gross domestic product at market prices,Germany,2023,45253.1,p,
ESTAT:NAMA_10_PC(1.0),02/12/25 11:00:00,Annual,"Current prices, purchasing power standard (PPS, EU27 from 2020) per capita",Gross domestic product at market prices,Germany,2024,46414.1,p,
ESTAT:NAMA_10_PC(1.0),02/12/25 11:00:00,Annual,"Current prices, purchasing power standard (PPS, EU27 from 2020) per capita",Gross domestic product at market prices,Denmark,2013,33840.9,,
ESTAT:NAMA_10_PC(1.0),02/12/25 11:00:00,Annual,"Current prices, purchasing power standard (PPS, EU27 from 2020) per capita",Gross domestic product at market prices,Denmark,2014,34318.7,,
ESTAT:NAMA_10_PC(1.0),02/12/25 11:00:00,Annual,"Current prices, purchasing power standard (PPS, EU27 from 2020) per capita",Gross domestic product at market prices,Denmark,2015,35164.7,,
ESTAT:NAMA_10_PC(1.0),02/12/25 11:00:00,Annual,"Current prices, purchasing power standard (PPS, EU27 from 2020) per capita",Gross domestic product at market prices,Denmark,2016,35993.0,,
ESTAT:NAMA_10_PC(1.0),02/12/25 11:00:00,Annual,"Current prices, purchasing power standard (PPS, EU27 from 2020) per capita",Gross domestic product at market prices,Denmark,2017,37963.7,,
ESTAT:NAMA_10_PC(1.0),02/12/25 11:00:00,Annual,"Current prices, purchasing power standard (PPS, EU27 from 2020) per capita",Gross domestic product at market prices,Denmark,2018,38805.8,,
ESTAT:NAMA_10_PC(1.0),02/12/25 11:00:00,Annual,"Current prices, purchasing power standard (PPS, EU27 from 2020) per capita",Gross domestic product at market prices,Denmark,2019,39388.3,,
ESTAT:NAMA_10_PC(1.0),02/12/25 11:00:00,Annual,"Current prices, purchasing power standard (PPS, EU27 from 2020) per capita",Gross domestic product at market prices,Denmark,2020,40050.9,,
ESTAT:NAMA_10_PC(1.0),02/12/25 11:00:00,Annual,"Current prices, purchasing power standard (PPS, EU27 from 2020) per capita",Gross domestic product at market prices,Denmark,2021,44236.9,,
ESTAT:NAMA_10_PC(1.0),02/12/25 11:00:00,Annual,"Current prices, purchasing power standard (PPS, EU27 from 2020) per capita",Gross domestic product at market prices,Denmark,2022,48266.2,,
ESTAT:NAMA_10_PC(1.0),02/12/25 11:00:00,Annual,"Current prices, purchasing power standard (PPS, EU27 from 2020) per capita",Gross domestic product at market prices,Denmark,2023,47539.5,,
ESTAT:NAMA_10_PC(1.0),02/12/25 11:00:00,Annual,"Current prices, purchasing power standard (PPS, EU27 from 2020) per capita",Gross domestic product at market prices,Denmark,2024,50187.7,,
ESTAT:NAMA_10_PC(1.0),02/12/25 11:00:00,Annual,"Current prices, purchasing power standard (PPS, EU27 from 2020) per capita",Gross domestic product at market prices,Estonia,2013,20055.3,,
ESTAT:NAMA_10_PC(1.0),02/12/25 11:00:00,Annual,"Current prices, purchasing power standard (PPS, EU27 from 2020) per capita",Gross domestic product at market prices,Estonia,2014,21055.1,,
ESTAT:NAMA_10_PC(1.0),02/12/25 11:00:00,Annual,"Current prices, purchasing power standard (PPS, EU27 from 2020) per capita",Gross domestic product at market prices,Estonia,2015,21398.4,,
ESTAT:NAMA_10_PC(1.0),02/12/25 11:00:00,Annual,"Current prices, purchasing power standard (PPS, EU27 from 2020) per capita",Gross domestic product at market prices,Estonia,2016,22190.8,,
ESTAT:NAMA_10_PC(1.0),02/12/25 11:00:00,Annual,"Current prices, purchasing power standard (PPS, EU27 from 2020) per capita",Gross domestic product at market prices,Estonia,2017,23733.7,,
ESTAT:NAMA_10_PC(1.0),02/12/25 11:00:00,Annual,"Current prices, purchasing power standard (PPS, EU27 from 2020) per capita",Gross domestic product at market prices,Estonia,2018,25224.3,,
ESTAT:NAMA_10_PC(1.0),02/12/25 11:00:00,Annual,"Current prices, purchasing power standard (PPS, EU27 from 2020) per capita",Gross domestic product at market prices,Estonia,2019,26435.1,,
ESTAT:NAMA_10_PC(1.0),02/12/25 11:00:00,Annual,"Current prices, purchasing power standard (PPS, EU27 from 2020) per capita",Gross domestic product at market prices,Estonia,2020,25992.3,,
ESTAT:NAMA_10_PC(1.0),02/12/25 11:00:00,Annual,"Current prices, purchasing power standard (PPS, EU27 from 2020) per capita",Gross domestic product at market prices,Estonia,2021,28240.6,,
ESTAT:NAMA_10_PC(1.0),02/12/25 11:00:00,Annual,"Current prices, purchasing power standard (PPS, EU27 from 2020) per capita",Gross domestic product at market prices,Estonia,2022,30227.7,,
ESTAT:NAMA_10_PC(1.0),02/12/25 11:00:00,Annual,"Current prices, purchasing power standard (PPS, EU27 from 2020) per capita",Gross domestic product at market prices,Estonia,2023,30583.4,,
ESTAT:NAMA_10_PC(1.0),02/12/25 11:00:00,Annual,"Current prices, purchasing power standard (PPS, EU27 from 2020) per capita",Gross domestic product at market prices,Estonia,2024,31706.0,,
ESTAT:NAMA_10_PC(1.0),02/12/25 11:00:00,Annual,"Current prices, purchasing power standard (PPS, EU27 from 2020) per capita",Gross domestic product at market prices,Greece,2013,18572.8,p,
ESTAT:NAMA_10_PC(1.0),02/12/25 11:00:00,Annual,"Current prices, purchasing power standard (PPS, EU27 from 2020) per capita",Gross domestic product at market prices,Greece,2014,18958.4,p,
ESTAT:NAMA_10_PC(1.0),02/12/25 11:00:00,Annual,"Current prices, purchasing power standard (PPS, EU27 from 2020) per capita",Gross domestic product at market prices,Greece,2015,19131.6,p,
ESTAT:NAMA_10_PC(1.0),02/12/25 11:00:00,Annual,"Current prices, purchasing power standard (PPS, EU27 from 2020) per capita",Gross domestic product at market prices,Greece,2016,19106.1,p,
ESTAT:NAMA_10_PC(1.0),02/12/25 11:00:00,Annual,"Current prices, purchasing power standard (PPS, EU27 from 2020) per capita",Gross domestic product at market prices,Greece,2017,19700.6,p,
ESTAT:NAMA_10_PC(1.0),02/12/25 11:00:00,Annual,"Current prices, purchasing power standard (PPS, EU27 from 2020) per capita",Gross domestic product at market prices,Greece,2018,20200.5,p,
ESTAT:NAMA_10_PC(1.0),02/12/25 11:00:00,Annual,"Current prices, purchasing power standard (PPS, EU27 from 2020) per capita",Gross domestic product at market prices,Greece,2019,20762.7,p,
ESTAT:NAMA_10_PC(1.0),02/12/25 11:00:00,Annual,"Current prices, purchasing power standard (PPS, EU27 from 2020) per capita",Gross domestic product at market prices,Greece,2020,18864.7,p,
ESTAT:NAMA_10_PC(1.0),02/12/25 11:00:00,Annual,"Current prices, purchasing power standard (PPS, EU27 from 2020) per capita",Gross domestic product at market prices,Greece,2021,21244.0,p,
ESTAT:NAMA_10_PC(1.0),02/12/25 11:00:00,Annual,"Current prices, purchasing power standard (PPS, EU27 from 2020) per capita",Gross domestic product at market prices,Greece,2022,23999.2,p,
ESTAT:NAMA_10_PC(1.0),02/12/25 11:00:00,Annual,"Current prices, purchasing power standard (PPS, EU27 from 2020) per capita",Gross domestic product at market prices,Greece,2023,26294.5,p,
ESTAT:NAMA_10_PC(1.0),02/12/25 11:00:00,Annual,"Current prices, purchasing power standard (PPS, EU27 from 2020) per capita",Gross domestic product at market prices,Greece,2024,27662.5,p,
ESTAT:NAMA_10_PC(1.0),02/12/25 11:00:00,Annual,"Current prices, purchasing power standard (PPS, EU27 from 2020) per capita",Gross domestic product at market prices,Spain,2013,23552.6,,
ESTAT:NAMA_10_PC(1.0),02/12/25 11:00:00,Annual,"Current prices, purchasing power standard (PPS, EU27 from 2020) per capita",Gross domestic product at market prices,Spain,2014,24212.8,,
ESTAT:NAMA_10_PC(1.0),02/12/25 11:00:00,Annual,"Current prices, purchasing power standard (PPS, EU27 from 2020) per capita",Gross domestic product at market prices,Spain,2015,25351.0,,
ESTAT:NAMA_10_PC(1.0),02/12/25 11:00:00,Annual,"Current prices, purchasing power standard (PPS, EU27 from 2020) per capita",Gross domestic product at market prices,Spain,2016,26145.2,,
ESTAT:NAMA_10_PC(1.0),02/12/25 11:00:00,Annual,"Current prices, purchasing power standard (PPS, EU27 from 2020) per capita",Gross domestic product at market prices,Spain,2017,27390.5,,
ESTAT:NAMA_10_PC(1.0),02/12/25 11:00:00,Annual,"Current prices, purchasing power standard (PPS, EU27 from 2020) per capita",Gross domestic product at market prices,Spain,2018,27850.1,,
ESTAT:NAMA_10_PC(1.0),02/12/25 11:00:00,Annual,"Current prices, purchasing power standard (PPS, EU27 from 2020) per capita",Gross domestic product at market prices,Spain,2019,28660.1,,
ESTAT:NAMA_10_PC(1.0),02/12/25 11:00:00,Annual,"Current prices, purchasing power standard (PPS, EU27 from 2020) per capita",Gross domestic product at market prices,Spain,2020,25129.0,,
ESTAT:NAMA_10_PC(1.0),02/12/25 11:00:00,Annual,"Current prices, purchasing power standard (PPS, EU27 from 2020) per capita",Gross domestic product at market prices,Spain,2021,28282.8,,
ESTAT:NAMA_10_PC(1.0),02/12/25 11:00:00,Annual,"Current prices, purchasing power standard (PPS, EU27 from 2020) per capita",Gross domestic product at market prices,Spain,2022,31684.9,,
ESTAT:NAMA_10_PC(1.0),02/12/25 11:00:00,Annual,"Current prices, purchasing power standard (PPS, EU27 from 2020) per capita",Gross domestic product at market prices,Spain,2023,34514.7,p,
ESTAT:NAMA_10_PC(1.0),02/12/25 11:00:00,Annual,"Current prices, purchasing power standard (PPS, EU27 from 2020) per capita",Gross domestic product at market prices,Spain,2024,36371.9,p,
ESTAT:NAMA_10_PC(1.0),02/12/25 11:00:00,Annual,"Current prices, purchasing power standard (PPS, EU27 from 2020) per capita",Gross domestic product at market prices,European Union - 27 countries (from 2020),2013,26253.5,,
ESTAT:NAMA_10_PC(1.0),02/12/25 11:00:00,Annual,"Current prices, purchasing power standard (PPS, EU27 from 2020) per capita",Gross domestic product at market prices,European Union - 27 countries (from 2020),2014,26847.3,,
ESTAT:NAMA_10_PC(1.0),02/12/25 11:00:00,Annual,"Current prices, purchasing power standard (PPS, EU27 from 2020) per capita",Gross domestic product at market prices,European Union - 27 countries (from 2020),2015,27797.2,,
ESTAT:NAMA_10_PC(1.0),02/12/25 11:00:00,Annual,"Current prices, purchasing power standard (PPS, EU27 from 2020) per capita",Gross domestic product at market prices,European Union - 27 countries (from 2020),2016,28491.5,,
ESTAT:NAMA_10_PC(1.0),02/12/25 11:00:00,Annual,"Current prices, purchasing power standard (PPS, EU27 from 2020) per capita",Gross domestic product at market prices,European Union - 27 countries (from 2020),2017,29653.0,,
ESTAT:NAMA_10_PC(1.0),02/12/25 11:00:00,Annual,"Current prices, purchasing power standard (PPS, EU27 from 2020) per capita",Gross domestic product at market prices,European Union - 27 countries (from 2020),2018,30642.5,,
ESTAT:NAMA_10_PC(1.0),02/12/25 11:00:00,Annual,"Current prices, purchasing power standard (PPS, EU27 from 2020) per capita",Gross domestic product at market prices,European Union - 27 countries (from 2020),2019,31696.8,,
ESTAT:NAMA_10_PC(1.0),02/12/25 11:00:00,Annual,"Current prices, purchasing power standard (PPS, EU27 from 2020) per capita",Gross domestic product at market prices,European Union - 27 countries (from 2020),2020,30513.0,b,
ESTAT:NAMA_10_PC(1.0),02/12/25 11:00:00,Annual,"Current prices, purchasing power standard (PPS, EU27 from 2020) per capita",Gross domestic product at market prices,European Union - 27 countries (from 2020),2021,33262.4,,
ESTAT:NAMA_10_PC(1.0),02/12/25 11:00:00,Annual,"Current prices, purchasing power standard (PPS, EU27 from 2020) per capita",Gross domestic product at market prices,European Union - 27 countries (from 2020),2022,36136.9,,
ESTAT:NAMA_10_PC(1.0),02/12/25 11:00:00,Annual,"Current prices, purchasing power standard (PPS, EU27 from 2020) per capita",Gross domestic product at market prices,European Union - 27 countries (from 2020),2023,38377.2,,
ESTAT:NAMA_10_PC(1.0),02/12/25 11:00:00,Annual,"Current prices, purchasing power standard (PPS, EU27 from 2020) per capita",Gross domestic product at market prices,European Union - 27 countries (from 2020),2024,39943.9,,
ESTAT:NAMA_10_PC(1.0),02/12/25 11:00:00,Annual,"Current prices, purchasing power standard (PPS, EU27 from 2020) per capita",Gross domestic product at market prices,Finland,2013,29829.2,,
ESTAT:NAMA_10_PC(1.0),02/12/25 11:00:00,Annual,"Current prices, purchasing power standard (PPS, EU27 from 2020) per capita",Gross domestic product at market prices,Finland,2014,29773.7,,
ESTAT:NAMA_10_PC(1.0),02/12/25 11:00:00,Annual,"Current prices, purchasing power standard (PPS, EU27 from 2020) per capita",Gross domestic product at market prices,Finland,2015,30379.1,,
ESTAT:NAMA_10_PC(1.0),02/12/25 11:00:00,Annual,"Current prices, purchasing power standard (PPS, EU27 from 2020) per capita",Gross domestic product at market prices,Finland,2016,30955.4,,
ESTAT:NAMA_10_PC(1.0),02/12/25 11:00:00,Annual,"Current prices, purchasing power standard (PPS, EU27 from 2020) per capita",Gross domestic product at market prices,Finland,2017,32444.3,,
ESTAT:NAMA_10_PC(1.0),02/12/25 11:00:00,Annual,"Current prices, purchasing power standard (PPS, EU27 from 2020) per capita",Gross domestic product at market prices,Finland,2018,33389.0,,
ESTAT:NAMA_10_PC(1.0),02/12/25 11:00:00,Annual,"Current prices, purchasing power standard (PPS, EU27 from 2020) per capita",Gross domestic product at market prices,Finland,2019,33995.7,,
ESTAT:NAMA_10_PC(1.0),02/12/25 11:00:00,Annual,"Current prices, purchasing power standard (PPS, EU27 from 2020) per capita",Gross domestic product at market prices,Finland,2020,34037.0,,
ESTAT:NAMA_10_PC(1.0),02/12/25 11:00:00,Annual,"Current prices, purchasing power standard (PPS, EU27 from 2020) per capita",Gross domestic product at market prices,Finland,2021,36219.4,,
ESTAT:NAMA_10_PC(1.0),02/12/25 11:00:00,Annual,"Current prices, purchasing power standard (PPS, EU27 from 2020) per capita",Gross domestic product at market prices,Finland,2022,38447.0,,
ESTAT:NAMA_10_PC(1.0),02/12/25 11:00:00,Annual,"Current prices, purchasing power standard (PPS, EU27 from 2020) per capita",Gross domestic product at market prices,Finland,2023,40025.4,,
ESTAT:NAMA_10_PC(1.0),02/12/25 11:00:00,Annual,"Current prices, purchasing power standard (PPS, EU27 from 2020) per capita",Gross domestic product at market prices,Finland,2024,40884.6,,
ESTAT:NAMA_10_PC(1.0),02/12/25 11:00:00,Annual,"Current prices, purchasing power standard (PPS, EU27 from 2020) per capita",Gross domestic product at market prices,France,2013,28708.3,,
ESTAT:NAMA_10_PC(1.0),02/12/25 11:00:00,Annual,"Current prices, purchasing power standard (PPS, EU27 from 2020) per capita",Gross domestic product at market prices,France,2014,28953.8,,
ESTAT:NAMA_10_PC(1.0),02/12/25 11:00:00,Annual,"Current prices, purchasing power standard (PPS, EU27 from 2020) per capita",Gross domestic product at market prices,France,2015,29515.7,,
ESTAT:NAMA_10_PC(1.0),02/12/25 11:00:00,Annual,"Current prices, purchasing power standard (PPS, EU27 from 2020) per capita",Gross domestic product at market prices,France,2016,29858.9,,
ESTAT:NAMA_10_PC(1.0),02/12/25 11:00:00,Annual,"Current prices, purchasing power standard (PPS, EU27 from 2020) per capita",Gross domestic product at market prices,France,2017,30584.6,,
ESTAT:NAMA_10_PC(1.0),02/12/25 11:00:00,Annual,"Current prices, purchasing power standard (PPS, EU27 from 2020) per capita",Gross domestic product at market prices,France,2018,31459.8,,
ESTAT:NAMA_10_PC(1.0),02/12/25 11:00:00,Annual,"Current prices, purchasing power standard (PPS, EU27 from 2020) per capita",Gross domestic product at market prices,France,2019,33243.6,,
ESTAT:NAMA_10_PC(1.0),02/12/25 11:00:00,Annual,"Current prices, purchasing power standard (PPS, EU27 from 2020) per capita",Gross domestic product at market prices,France,2020,31595.1,,
ESTAT:NAMA_10_PC(1.0),02/12/25 11:00:00,Annual,"Current prices, purchasing power standard (PPS, EU27 from 2020) per capita",Gross domestic product at market prices,France,2021,33449.6,,
ESTAT:NAMA_10_PC(1.0),02/12/25 11:00:00,Annual,"Current prices, purchasing power standard (PPS, EU27 from 2020) per capita",Gross domestic product at market prices,France,2022,35127.1,,
ESTAT:NAMA_10_PC(1.0),02/12/25 11:00:00,Annual,"Current prices, purchasing power standard (PPS, EU27 from 2020) per capita",Gross domestic product at market prices,France,2023,37839.7,p,
ESTAT:NAMA_10_PC(1.0),02/12/25 11:00:00,Annual,"Current prices, purchasing power standard (PPS, EU27 from 2020) per capita",Gross domestic product at market prices,France,2024,39112.9,p,
ESTAT:NAMA_10_PC(1.0),02/12/25 11:00:00,Annual,"Current prices, purchasing power standard (PPS, EU27 from 2020) per capita",Gross domestic product at market prices,Croatia,2013,16209.2,,
ESTAT:NAMA_10_PC(1.0),02/12/25 11:00:00,Annual,"Current prices, purchasing power standard (PPS, EU27 from 2020) per capita",Gross domestic product at market prices,Croatia,2014,16301.7,,
ESTAT:NAMA_10_PC(1.0),02/12/25 11:00:00,Annual,"Current prices, purchasing power standard (PPS, EU27 from 2020) per capita",Gross domestic product at market prices,Croatia,2015,17084.6,,
ESTAT:NAMA_10_PC(1.0),02/12/25 11:00:00,Annual,"Current prices, purchasing power standard (PPS, EU27 from 2020) per capita",Gross domestic product at market prices,Croatia,2016,17960.9,,
ESTAT:NAMA_10_PC(1.0),02/12/25 11:00:00,Annual,"Current prices, purchasing power standard (PPS, EU27 from 2020) per capita",Gross domestic product at market prices,Croatia,2017,19169.1,,
ESTAT:NAMA_10_PC(1.0),02/12/25 11:00:00,Annual,"Current prices, purchasing power standard (PPS, EU27 from 2020) per capita",Gross domestic product at market prices,Croatia,2018,20213.7,,
ESTAT:NAMA_10_PC(1.0),02/12/25 11:00:00,Annual,"Current prices, purchasing power standard (PPS, EU27 from 2020) per capita",Gross domestic product at market prices,Croatia,2019,21516.3,,
ESTAT:NAMA_10_PC(1.0),02/12/25 11:00:00,Annual,"Current prices, purchasing power standard (PPS, EU27 from 2020) per capita",Gross domestic product at market prices,Croatia,2020,20212.1,,
ESTAT:NAMA_10_PC(1.0),02/12/25 11:00:00,Annual,"Current prices, purchasing power standard (PPS, EU27 from 2020) per capita",Gross domestic product at market prices,Croatia,2021,23586.5,,
ESTAT:NAMA_10_PC(1.0),02/12/25 11:00:00,Annual,"Current prices, purchasing power standard (PPS, EU27 from 2020) per capita",Gross domestic product at market prices,Croatia,2022,26302.7,,
ESTAT:NAMA_10_PC(1.0),02/12/25 11:00:00,Annual,"Current prices, purchasing power standard (PPS, EU27 from 2020) per capita",Gross domestic product at market prices,Croatia,2023,30029.1,,
ESTAT:NAMA_10_PC(1.0),02/12/25 11:00:00,Annual,"Current prices, purchasing power standard (PPS, EU27 from 2020) per capita",Gross domestic product at market prices,Croatia,2024,31142.8,p,
ESTAT:NAMA_10_PC(1.0),02/12/25 11:00:00,Annual,"Current prices, purchasing power standard (PPS, EU27 from 2020) per capita",Gross domestic product at market prices,Hungary,2013,17750.5,,
ESTAT:NAMA_10_PC(1.0),02/12/25 11:00:00,Annual,"Current prices, purchasing power standard (PPS, EU27 from 2020) per capita",Gross domestic product at market prices,Hungary,2014,18489.5,,
ESTAT:NAMA_10_PC(1.0),02/12/25 11:00:00,Annual,"Current prices, purchasing power standard (PPS, EU27 from 2020) per capita",Gross domestic product at market prices,Hungary,2015,19368.9,,
ESTAT:NAMA_10_PC(1.0),02/12/25 11:00:00,Annual,"Current prices, purchasing power standard (PPS, EU27 from 2020) per capita",Gross domestic product at market prices,Hungary,2016,19574.5,,
ESTAT:NAMA_10_PC(1.0),02/12/25 11:00:00,Annual,"Current prices, purchasing power standard (PPS, EU27 from 2020) per capita",Gross domestic product at market prices,Hungary,2017,20419.3,,
ESTAT:NAMA_10_PC(1.0),02/12/25 11:00:00,Annual,"Current prices, purchasing power standard (PPS, EU27 from 2020) per capita",Gross domestic product at market prices,Hungary,2018,21872.8,,
ESTAT:NAMA_10_PC(1.0),02/12/25 11:00:00,Annual,"Current prices, purchasing power standard (PPS, EU27 from 2020) per capita",Gross domestic product at market prices,Hungary,2019,23168.8,,
ESTAT:NAMA_10_PC(1.0),02/12/25 11:00:00,Annual,"Current prices, purchasing power standard (PPS, EU27 from 2020) per capita",Gross domestic product at market prices,Hungary,2020,22729.6,,
ESTAT:NAMA_10_PC(1.0),02/12/25 11:00:00,Annual,"Current prices, purchasing power standard (PPS, EU27 from 2020) per capita",Gross domestic product at market prices,Hungary,2021,24803.3,,
ESTAT:NAMA_10_PC(1.0),02/12/25 11:00:00,Annual,"Current prices, purchasing power standard (PPS, EU27 from 2020) per capita",Gross domestic product at market prices,Hungary,2022,27503.9,,
ESTAT:NAMA_10_PC(1.0),02/12/25 11:00:00,Annual,"Current prices, purchasing power standard (PPS, EU27 from 2020) per capita",Gross domestic product at market prices,Hungary,2023,29323.0,,
ESTAT:NAMA_10_PC(1.0),02/12/25 11:00:00,Annual,"Current prices, purchasing power standard (PPS, EU27 from 2020) per capita",Gross domestic product at market prices,Hungary,2024,30391.1,p,
ESTAT:NAMA_10_PC(1.0),02/12/25 11:00:00,Annual,"Current prices, purchasing power standard (PPS, EU27 from 2020) per capita",Gross domestic product at market prices,Ireland,2013,35226.4,,
ESTAT:NAMA_10_PC(1.0),02/12/25 11:00:00,Annual,"Current prices, purchasing power standard (PPS, EU27 from 2020) per capita",Gross domestic product at market prices,Ireland,2014,37731.2,,
ESTAT:NAMA_10_PC(1.0),02/12/25 11:00:00,Annual,"Current prices, purchasing power standard (PPS, EU27 from 2020) per capita",Gross domestic product at market prices,Ireland,2015,51492.0,,
ESTAT:NAMA_10_PC(1.0),02/12/25 11:00:00,Annual,"Current prices, purchasing power standard (PPS, EU27 from 2020) per capita",Gross domestic product at market prices,Ireland,2016,50778.0,,
ESTAT:NAMA_10_PC(1.0),02/12/25 11:00:00,Annual,"Current prices, purchasing power standard (PPS, EU27 from 2020) per capita",Gross domestic product at market prices,Ireland,2017,55303.6,,
ESTAT:NAMA_10_PC(1.0),02/12/25 11:00:00,Annual,"Current prices, purchasing power standard (PPS, EU27 from 2020) per capita",Gross domestic product at market prices,Ireland,2018,58653.7,,
ESTAT:NAMA_10_PC(1.0),02/12/25 11:00:00,Annual,"Current prices, purchasing power standard (PPS, EU27 from 2020) per capita",Gross domestic product at market prices,Ireland,2019,59964.2,,
ESTAT:NAMA_10_PC(1.0),02/12/25 11:00:00,Annual,"Current prices, purchasing power standard (PPS, EU27 from 2020) per capita",Gross domestic product at market prices,Ireland,2020,62458.7,,
ESTAT:NAMA_10_PC(1.0),02/12/25 11:00:00,Annual,"Current prices, purchasing power standard (PPS, EU27 from 2020) per capita",Gross domestic product at market prices,Ireland,2021,74710.7,,
ESTAT:NAMA_10_PC(1.0),02/12/25 11:00:00,Annual,"Current prices, purchasing power standard (PPS, EU27 from 2020) per capita",Gross domestic product at market prices,Ireland,2022,85489.3,,
ESTAT:NAMA_10_PC(1.0),02/12/25 11:00:00,Annual,"Current prices, purchasing power standard (PPS, EU27 from 2020) per capita",Gross domestic product at market prices,Ireland,2023,83557.7,,
ESTAT:NAMA_10_PC(1.0),02/12/25 11:00:00,Annual,"Current prices, purchasing power standard (PPS, EU27 from 2020) per capita",Gross domestic product at market prices,Ireland,2024,88284.9,,
ESTAT:NAMA_10_PC(1.0),02/12/25 11:00:00,Annual,"Current prices, purchasing power standard (PPS, EU27 from 2020) per capita",Gross domestic product at market prices,Iceland,2013,32898.4,p,
ESTAT:NAMA_10_PC(1.0),02/12/25 11:00:00,Annual,"Current prices, purchasing power standard (PPS, EU27 from 2020) per capita",Gross domestic product at market prices,Iceland,2014,33929.4,p,
ESTAT:NAMA_10_PC(1.0),02/12/25 11:00:00,Annual,"Current prices, purchasing power standard (PPS, EU27 from 2020) per capita",Gross domestic product at market prices,Iceland,2015,36442.6,p,
ESTAT:NAMA_10_PC(1.0),02/12/25 11:00:00,Annual,"Current prices, purchasing power standard (PPS, EU27 from 2020) per capita",Gross domestic product at market prices,Iceland,2016,38371.6,p,
ESTAT:NAMA_10_PC(1.0),02/12/25 11:00:00,Annual,"Current prices, purchasing power standard (PPS, EU27 from 2020) per capita",Gross domestic product at market prices,Iceland,2017,39429.6,p,
ESTAT:NAMA_10_PC(1.0),02/12/25 11:00:00,Annual,"Current prices, purchasing power standard (PPS, EU27 from 2020) per capita",Gross domestic product at market prices,Iceland,2018,40187.1,p,
ESTAT:NAMA_10_PC(1.0),02/12/25 11:00:00,Annual,"Current prices, purchasing power standard (PPS, EU27 from 2020) per capita",Gross domestic product at market prices,Iceland,2019,40837.0,p,
ESTAT:NAMA_10_PC(1.0),02/12/25 11:00:00,Annual,"Current prices, purchasing power standard (PPS, EU27 from 2020) per capita",Gross domestic product at market prices,Iceland,2020,37354.0,p,
ESTAT:NAMA_10_PC(1.0),02/12/25 11:00:00,Annual,"Current prices, purchasing power standard (PPS, EU27 from 2020) per capita",Gross domestic product at market prices,Iceland,2021,41213.3,p,
ESTAT:NAMA_10_PC(1.0),02/12/25 11:00:00,Annual,"Current prices, purchasing power standard (PPS, EU27 from 2020) per capita",Gross domestic product at market prices,Iceland,2022,48281.2,p,
ESTAT:NAMA_10_PC(1.0),02/12/25 11:00:00,Annual,"Current prices, purchasing power standard (PPS, EU27 from 2020) per capita",Gross domestic product at market prices,Iceland,2023,51919.6,p,
ESTAT:NAMA_10_PC(1.0),02/12/25 11:00:00,Annual,"Current prices, purchasing power standard (PPS, EU27 from 2020) per capita",Gross domestic product at market prices,Iceland,2024,51970.9,p,
ESTAT:NAMA_10_PC(1.0),02/12/25 11:00:00,Annual,"Current prices, purchasing power standard (PPS, EU27 from 2020) per capita",Gross domestic product at market prices,Italy,2013,26316.7,,
ESTAT:NAMA_10_PC(1.0),02/12/25 11:00:00,Annual,"Current prices, purchasing power standard (PPS, EU27 from 2020) per capita",Gross domestic product at market prices,Italy,2014,26280.4,,
ESTAT:NAMA_10_PC(1.0),02/12/25 11:00:00,Annual,"Current prices, purchasing power standard (PPS, EU27 from 2020) per capita",Gross domestic product at market prices,Italy,2015,26880.4,,
ESTAT:NAMA_10_PC(1.0),02/12/25 11:00:00,Annual,"Current prices, purchasing power standard (PPS, EU27 from 2020) per capita",Gross domestic product at market prices,Italy,2016,28121.4,,
ESTAT:NAMA_10_PC(1.0),02/12/25 11:00:00,Annual,"Current prices, purchasing power standard (PPS, EU27 from 2020) per capita",Gross domestic product at market prices,Italy,2017,28946.4,,
ESTAT:NAMA_10_PC(1.0),02/12/25 11:00:00,Annual,"Current prices, purchasing power standard (PPS, EU27 from 2020) per capita",Gross domestic product at market prices,Italy,2018,29551.8,,
ESTAT:NAMA_10_PC(1.0),02/12/25 11:00:00,Annual,"Current prices, purchasing power standard (PPS, EU27 from 2020) per capita",Gross domestic product at market prices,Italy,2019,30344.7,,
ESTAT:NAMA_10_PC(1.0),02/12/25 11:00:00,Annual,"Current prices, purchasing power standard (PPS, EU27 from 2020) per capita",Gross domestic product at market prices,Italy,2020,28383.9,,
ESTAT:NAMA_10_PC(1.0),02/12/25 11:00:00,Annual,"Current prices, purchasing power standard (PPS, EU27 from 2020) per capita",Gross domestic product at market prices,Italy,2021,31780.1,,
ESTAT:NAMA_10_PC(1.0),02/12/25 11:00:00,Annual,"Current prices, purchasing power standard (PPS, EU27 from 2020) per capita",Gross domestic product at market prices,Italy,2022,35255.9,,
ESTAT:NAMA_10_PC(1.0),02/12/25 11:00:00,Annual,"Current prices, purchasing power standard (PPS, EU27 from 2020) per capita",Gross domestic product at market prices,Italy,2023,37759.7,,
ESTAT:NAMA_10_PC(1.0),02/12/25 11:00:00,Annual,"Current prices, purchasing power standard (PPS, EU27 from 2020) per capita",Gross domestic product at market prices,Italy,2024,39004.2,p,
ESTAT:NAMA_10_PC(1.0),02/12/25 11:00:00,Annual,"Current prices, purchasing power standard (PPS, EU27 from 2020) per capita",Gross domestic product at market prices,Lithuania,2013,19173.7,,
ESTAT:NAMA_10_PC(1.0),02/12/25 11:00:00,Annual,"Current prices, purchasing power standard (PPS, EU27 from 2020) per capita",Gross domestic product at market prices,Lithuania,2014,20073.3,,
ESTAT:NAMA_10_PC(1.0),02/12/25 11:00:00,Annual,"Current prices, purchasing power standard (PPS, EU27 from 2020) per capita",Gross domestic product at market prices,Lithuania,2015,20741.2,,
ESTAT:NAMA_10_PC(1.0),02/12/25 11:00:00,Annual,"Current prices, purchasing power standard (PPS, EU27 from 2020) per capita",Gross domestic product at market prices,Lithuania,2016,21376.3,,
ESTAT:NAMA_10_PC(1.0),02/12/25 11:00:00,Annual,"Current prices, purchasing power standard (PPS, EU27 from 2020) per capita",Gross domestic product at market prices,Lithuania,2017,23073.0,,
ESTAT:NAMA_10_PC(1.0),02/12/25 11:00:00,Annual,"Current prices, purchasing power standard (PPS, EU27 from 2020) per capita",Gross domestic product at market prices,Lithuania,2018,24743.4,,
ESTAT:NAMA_10_PC(1.0),02/12/25 11:00:00,Annual,"Current prices, purchasing power standard (PPS, EU27 from 2020) per capita",Gross domestic product at market prices,Lithuania,2019,26379.1,,
ESTAT:NAMA_10_PC(1.0),02/12/25 11:00:00,Annual,"Current prices, purchasing power standard (PPS, EU27 from 2020) per capita",Gross domestic product at market prices,Lithuania,2020,26357.1,,
ESTAT:NAMA_10_PC(1.0),02/12/25 11:00:00,Annual,"Current prices, purchasing power standard (PPS, EU27 from 2020) per capita",Gross domestic product at market prices,Lithuania,2021,29274.7,,
ESTAT:NAMA_10_PC(1.0),02/12/25 11:00:00,Annual,"Current prices, purchasing power standard (PPS, EU27 from 2020) per capita",Gross domestic product at market prices,Lithuania,2022,31476.8,,
ESTAT:NAMA_10_PC(1.0),02/12/25 11:00:00,Annual,"Current prices, purchasing power standard (PPS, EU27 from 2020) per capita",Gross domestic product at market prices,Lithuania,2023,33263.8,,
ESTAT:NAMA_10_PC(1.0),02/12/25 11:00:00,Annual,"Current prices, purchasing power standard (PPS, EU27 from 2020) per capita",Gross domestic product at market prices,Lithuania,2024,35000.0,,
ESTAT:NAMA_10_PC(1.0),02/12/25 11:00:00,Annual,"Current prices, purchasing power standard (PPS, EU27 from 2020) per capita",Gross domestic product at market prices,Luxembourg,2013,72586.2,,
ESTAT:NAMA_10_PC(1.0),02/12/25 11:00:00,Annual,"Current prices, purchasing power standard (PPS, EU27 from 2020) per capita",Gross domestic product at market prices,Luxembourg,2014,75200.4,,
ESTAT:NAMA_10_PC(1.0),02/12/25 11:00:00,Annual,"Current prices, purchasing power standard (PPS, EU27 from 2020) per capita",Gross domestic product at market prices,Luxembourg,2015,77581.8,,
ESTAT:NAMA_10_PC(1.0),02/12/25 11:00:00,Annual,"Current prices, purchasing power standard (PPS, EU27 from 2020) per capita",Gross domestic product at market prices,Luxembourg,2016,78464.8,,
ESTAT:NAMA_10_PC(1.0),02/12/25 11:00:00,Annual,"Current prices, purchasing power standard (PPS, EU27 from 2020) per capita",Gross domestic product at market prices,Luxembourg,2017,78895.5,,
ESTAT:NAMA_10_PC(1.0),02/12/25 11:00:00,Annual,"Current prices, purchasing power standard (PPS, EU27 from 2020) per capita",Gross domestic product at market prices,Luxembourg,2018,78975.8,,
ESTAT:NAMA_10_PC(1.0),02/12/25 11:00:00,Annual,"Current prices, purchasing power standard (PPS, EU27 from 2020) per capita",Gross domestic product at market prices,Luxembourg,2019,78735.2,,
ESTAT:NAMA_10_PC(1.0),02/12/25 11:00:00,Annual,"Current prices, purchasing power standard (PPS, EU27 from 2020) per capita",Gross domestic product at market prices,Luxembourg,2020,77882.3,,
ESTAT:NAMA_10_PC(1.0),02/12/25 11:00:00,Annual,"Current prices, purchasing power standard (PPS, EU27 from 2020) per capita",Gross domestic product at market prices,Luxembourg,2021,87091.5,,
ESTAT:NAMA_10_PC(1.0),02/12/25 11:00:00,Annual,"Current prices, purchasing power standard (PPS, EU27 from 2020) per capita",Gross domestic product at market prices,Luxembourg,2022,89574.0,,
ESTAT:NAMA_10_PC(1.0),02/12/25 11:00:00,Annual,"Current prices, purchasing power standard (PPS, EU27 from 2020) per capita",Gross domestic product at market prices,Luxembourg,2023,93488.9,,
ESTAT:NAMA_10_PC(1.0),02/12/25 11:00:00,Annual,"Current prices, purchasing power standard (PPS, EU27 from 2020) per capita",Gross domestic product at market prices,Luxembourg,2024,96249.0,p,
ESTAT:NAMA_10_PC(1.0),02/12/25 11:00:00,Annual,"Current prices, purchasing power standard (PPS, EU27 from 2020) per capita",Gross domestic product at market prices,Latvia,2013,15770.3,,
ESTAT:NAMA_10_PC(1.0),02/12/25 11:00:00,Annual,"Current prices, purchasing power standard (PPS, EU27 from 2020) per capita",Gross domestic product at market prices,Latvia,2014,16462.7,,
ESTAT:NAMA_10_PC(1.0),02/12/25 11:00:00,Annual,"Current prices, purchasing power standard (PPS, EU27 from 2020) per capita",Gross domestic product at market prices,Latvia,2015,17353.0,,
ESTAT:NAMA_10_PC(1.0),02/12/25 11:00:00,Annual,"Current prices, purchasing power standard (PPS, EU27 from 2020) per capita",Gross domestic product at market prices,Latvia,2016,17925.3,,
ESTAT:NAMA_10_PC(1.0),02/12/25 11:00:00,Annual,"Current prices, purchasing power standard (PPS, EU27 from 2020) per capita",Gross domestic product at market prices,Latvia,2017,18999.6,,
ESTAT:NAMA_10_PC(1.0),02/12/25 11:00:00,Annual,"Current prices, purchasing power standard (PPS, EU27 from 2020) per capita",Gross domestic product at market prices,Latvia,2018,20227.7,,
ESTAT:NAMA_10_PC(1.0),02/12/25 11:00:00,Annual,"Current prices, purchasing power standard (PPS, EU27 from 2020) per capita",Gross domestic product at market prices,Latvia,2019,20946.3,,
ESTAT:NAMA_10_PC(1.0),02/12/25 11:00:00,Annual,"Current prices, purchasing power standard (PPS, EU27 from 2020) per capita",Gross domestic product at market prices,Latvia,2020,20909.5,,
ESTAT:NAMA_10_PC(1.0),02/12/25 11:00:00,Annual,"Current prices, purchasing power standard (PPS, EU27 from 2020) per capita",Gross domestic product at market prices,Latvia,2021,23540.3,,
ESTAT:NAMA_10_PC(1.0),02/12/25 11:00:00,Annual,"Current prices, purchasing power standard (PPS, EU27 from 2020) per capita",Gross domestic product at market prices,Latvia,2022,24949.1,,
ESTAT:NAMA_10_PC(1.0),02/12/25 11:00:00,Annual,"Current prices, purchasing power standard (PPS, EU27 from 2020) per capita",Gross domestic product at market prices,Latvia,2023,27195.5,,
ESTAT:NAMA_10_PC(1.0),02/12/25 11:00:00,Annual,"Current prices, purchasing power standard (PPS, EU27 from 2020) per capita",Gross domestic product at market prices,Latvia,2024,28076.9,,
ESTAT:NAMA_10_PC(1.0),02/12/25 11:00:00,Annual,"Current prices, purchasing power standard (PPS, EU27 from 2020) per capita",Gross domestic product at market prices,Montenegro,2013,10604.9,,
ESTAT:NAMA_10_PC(1.0),02/12/25 11:00:00,Annual,"Current prices, purchasing power standard (PPS, EU27 from 2020) per capita",Gross domestic product at market prices,Montenegro,2014,10949.2,,
ESTAT:NAMA_10_PC(1.0),02/12/25 11:00:00,Annual,"Current prices, purchasing power standard (PPS, EU27 from 2020) per capita",Gross domestic product at market prices,Montenegro,2015,11570.4,,
ESTAT:NAMA_10_PC(1.0),02/12/25 11:00:00,Annual,"Current prices, purchasing power standard (PPS, EU27 from 2020) per capita",Gross domestic product at market prices,Montenegro,2016,12524.6,,
ESTAT:NAMA_10_PC(1.0),02/12/25 11:00:00,Annual,"Current prices, purchasing power standard (PPS, EU27 from 2020) per capita",Gross domestic product at market prices,Montenegro,2017,13295.5,,
ESTAT:NAMA_10_PC(1.0),02/12/25 11:00:00,Annual,"Current prices, purchasing power standard (PPS, EU27 from 2020) per capita",Gross domestic product at market prices,Montenegro,2018,14295.8,,
ESTAT:NAMA_10_PC(1.0),02/12/25 11:00:00,Annual,"Current prices, purchasing power standard (PPS, EU27 from 2020) per capita",Gross domestic product at market prices,Montenegro,2019,15415.9,,
ESTAT:NAMA_10_PC(1.0),02/12/25 11:00:00,Annual,"Current prices, purchasing power standard (PPS, EU27 from 2020) per capita",Gross domestic product at market prices,Montenegro,2020,13174.4,,
ESTAT:NAMA_10_PC(1.0),02/12/25 11:00:00,Annual,"Current prices, purchasing power standard (PPS, EU27 from 2020) per capita",Gross domestic product at market prices,Montenegro,2021,15110.2,,
ESTAT:NAMA_10_PC(1.0),02/12/25 11:00:00,Annual,"Current prices, purchasing power standard (PPS, EU27 from 2020) per capita",Gross domestic product at market prices,Montenegro,2022,17357.3,,
ESTAT:NAMA_10_PC(1.0),02/12/25 11:00:00,Annual,"Current prices, purchasing power standard (PPS, EU27 from 2020) per capita",Gross domestic product at market prices,Montenegro,2023,20151.6,,
ESTAT:NAMA_10_PC(1.0),02/12/25 11:00:00,Annual,"Current prices, purchasing power standard (PPS, EU27 from 2020) per capita",Gross domestic product at market prices,Montenegro,2024,21853.0,,
ESTAT:NAMA_10_PC(1.0),02/12/25 11:00:00,Annual,"Current prices, purchasing power standard (PPS, EU27 from 2020) per capita",Gross domestic product at market prices,North Macedonia,2013,9862.0,e,
ESTAT:NAMA_10_PC(1.0),02/12/25 11:00:00,Annual,"Current prices, purchasing power standard (PPS, EU27 from 2020) per capita",Gross domestic product at market prices,North Macedonia,2014,10382.3,e,
ESTAT:NAMA_10_PC(1.0),02/12/25 11:00:00,Annual,"Current prices, purchasing power standard (PPS, EU27 from 2020) per capita",Gross domestic product at market prices,North Macedonia,2015,10810.0,e,
ESTAT:NAMA_10_PC(1.0),02/12/25 11:00:00,Annual,"Current prices, purchasing power standard (PPS, EU27 from 2020) per capita",Gross domestic product at market prices,North Macedonia,2016,11432.3,e,
ESTAT:NAMA_10_PC(1.0),02/12/25 11:00:00,Annual,"Current prices, purchasing power standard (PPS, EU27 from 2020) per capita",Gross domestic product at market prices,North Macedonia,2017,11787.5,e,
ESTAT:NAMA_10_PC(1.0),02/12/25 11:00:00,Annual,"Current prices, purchasing power standard (PPS, EU27 from 2020) per capita",Gross domestic product at market prices,North Macedonia,2018,12517.2,e,
ESTAT:NAMA_10_PC(1.0),02/12/25 11:00:00,Annual,"Current prices, purchasing power standard (PPS, EU27 from 2020) per capita",Gross domestic product at market prices,North Macedonia,2019,13150.9,e,
ESTAT:NAMA_10_PC(1.0),02/12/25 11:00:00,Annual,"Current prices, purchasing power standard (PPS, EU27 from 2020) per capita",Gross domestic product at market prices,North Macedonia,2020,12729.7,e,
ESTAT:NAMA_10_PC(1.0),02/12/25 11:00:00,Annual,"Current prices, purchasing power standard (PPS, EU27 from 2020) per capita",Gross domestic product at market prices,North Macedonia,2021,14124.2,e,
ESTAT:NAMA_10_PC(1.0),02/12/25 11:00:00,Annual,"Current prices, purchasing power standard (PPS, EU27 from 2020) per capita",Gross domestic product at market prices,North Macedonia,2022,15085.6,e,
ESTAT:NAMA_10_PC(1.0),02/12/25 11:00:00,Annual,"Current prices, purchasing power standard (PPS, EU27 from 2020) per capita",Gross domestic product at market prices,North Macedonia,2023,15914.3,e,
ESTAT:NAMA_10_PC(1.0),02/12/25 11:00:00,Annual,"Current prices, purchasing power standard (PPS, EU27 from 2020) per capita",Gross domestic product at market prices,North Macedonia,2024,16943.1,e,
ESTAT:NAMA_10_PC(1.0),02/12/25 11:00:00,Annual,"Current prices, purchasing power standard (PPS, EU27 from 2020) per capita",Gross domestic product at market prices,Malta,2013,23895.6,,
ESTAT:NAMA_10_PC(1.0),02/12/25 11:00:00,Annual,"Current prices, purchasing power standard (PPS, EU27 from 2020) per capita",Gross domestic product at market prices,Malta,2014,25209.5,,
ESTAT:NAMA_10_PC(1.0),02/12/25 11:00:00,Annual,"Current prices, purchasing power standard (PPS, EU27 from 2020) per capita",Gross domestic product at market prices,Malta,2015,27576.9,,
ESTAT:NAMA_10_PC(1.0),02/12/25 11:00:00,Annual,"Current prices, purchasing power standard (PPS, EU27 from 2020) per capita",Gross domestic product at market prices,Malta,2016,28475.8,,
ESTAT:NAMA_10_PC(1.0),02/12/25 11:00:00,Annual,"Current prices, purchasing power standard (PPS, EU27 from 2020) per capita",Gross domestic product at market prices,Malta,2017,31414.9,,
ESTAT:NAMA_10_PC(1.0),02/12/25 11:00:00,Annual,"Current prices, purchasing power standard (PPS, EU27 from 2020) per capita",Gross domestic product at market prices,Malta,2018,32635.5,,
ESTAT:NAMA_10_PC(1.0),02/12/25 11:00:00,Annual,"Current prices, purchasing power standard (PPS, EU27 from 2020) per capita",Gross domestic product at market prices,Malta,2019,33378.1,,
ESTAT:NAMA_10_PC(1.0),02/12/25 11:00:00,Annual,"Current prices, purchasing power standard (PPS, EU27 from 2020) per capita",Gross domestic product at market prices,Malta,2020,31929.1,,
ESTAT:NAMA_10_PC(1.0),02/12/25 11:00:00,Annual,"Current prices, purchasing power standard (PPS, EU27 from 2020) per capita",Gross domestic product at market prices,Malta,2021,36239.4,,
ESTAT:NAMA_10_PC(1.0),02/12/25 11:00:00,Annual,"Current prices, purchasing power standard (PPS, EU27 from 2020) per capita",Gross domestic product at market prices,Malta,2022,37261.4,,
ESTAT:NAMA_10_PC(1.0),02/12/25 11:00:00,Annual,"Current prices, purchasing power standard (PPS, EU27 from 2020) per capita",Gross domestic product at market prices,Malta,2023,41622.5,,
ESTAT:NAMA_10_PC(1.0),02/12/25 11:00:00,Annual,"Current prices, purchasing power standard (PPS, EU27 from 2020) per capita",Gross domestic product at market prices,Malta,2024,44660.0,,
ESTAT:NAMA_10_PC(1.0),02/12/25 11:00:00,Annual,"Current prices, purchasing power standard (PPS, EU27 from 2020) per capita",Gross domestic product at market prices,Netherlands,2013,35818.7,,
ESTAT:NAMA_10_PC(1.0),02/12/25 11:00:00,Annual,"Current prices, purchasing power standard (PPS, EU27 from 2020) per capita",Gross domestic product at market prices,Netherlands,2014,35659.4,,
ESTAT:NAMA_10_PC(1.0),02/12/25 11:00:00,Annual,"Current prices, purchasing power standard (PPS, EU27 from 2020) per capita",Gross domestic product at market prices,Netherlands,2015,36639.1,,
ESTAT:NAMA_10_PC(1.0),02/12/25 11:00:00,Annual,"Current prices, purchasing power standard (PPS, EU27 from 2020) per capita",Gross domestic product at market prices,Netherlands,2016,36930.1,,
ESTAT:NAMA_10_PC(1.0),02/12/25 11:00:00,Annual,"Current prices, purchasing power standard (PPS, EU27 from 2020) per capita",Gross domestic product at market prices,Netherlands,2017,38491.1,,
ESTAT:NAMA_10_PC(1.0),02/12/25 11:00:00,Annual,"Current prices, purchasing power standard (PPS, EU27 from 2020) per capita",Gross domestic product at market prices,Netherlands,2018,39881.5,,
ESTAT:NAMA_10_PC(1.0),02/12/25 11:00:00,Annual,"Current prices, purchasing power standard (PPS, EU27 from 2020) per capita",Gross domestic product at market prices,Netherlands,2019,40543.6,,
ESTAT:NAMA_10_PC(1.0),02/12/25 11:00:00,Annual,"Current prices, purchasing power standard (PPS, EU27 from 2020) per capita",Gross domestic product at market prices,Netherlands,2020,39983.4,,
ESTAT:NAMA_10_PC(1.0),02/12/25 11:00:00,Annual,"Current prices, purchasing power standard (PPS, EU27 from 2020) per capita",Gross domestic product at market prices,Netherlands,2021,43738.4,,
ESTAT:NAMA_10_PC(1.0),02/12/25 11:00:00,Annual,"Current prices, purchasing power standard (PPS, EU27 from 2020) per capita",Gross domestic product at market prices,Netherlands,2022,48359.0,,
ESTAT:NAMA_10_PC(1.0),02/12/25 11:00:00,Annual,"Current prices, purchasing power standard (PPS, EU27 from 2020) per capita",Gross domestic product at market prices,Netherlands,2023,49966.9,p,
ESTAT:NAMA_10_PC(1.0),02/12/25 11:00:00,Annual,"Current prices, purchasing power standard (PPS, EU27 from 2020) per capita",Gross domestic product at market prices,Netherlands,2024,53220.9,p,
ESTAT:NAMA_10_PC(1.0),02/12/25 11:00:00,Annual,"Current prices, purchasing power standard (PPS, EU27 from 2020) per capita",Gross domestic product at market prices,Norway,2013,48630.5,,
ESTAT:NAMA_10_PC(1.0),02/12/25 11:00:00,Annual,"Current prices, purchasing power standard (PPS, EU27 from 2020) per capita",Gross domestic product at market prices,Norway,2014,47546.2,,
ESTAT:NAMA_10_PC(1.0),02/12/25 11:00:00,Annual,"Current prices, purchasing power standard (PPS, EU27 from 2020) per capita",Gross domestic product at market prices,Norway,2015,43660.2,,
ESTAT:NAMA_10_PC(1.0),02/12/25 11:00:00,Annual,"Current prices, purchasing power standard (PPS, EU27 from 2020) per capita",Gross domestic product at market prices,Norway,2016,41167.5,,
ESTAT:NAMA_10_PC(1.0),02/12/25 11:00:00,Annual,"Current prices, purchasing power standard (PPS, EU27 from 2020) per capita",Gross domestic product at market prices,Norway,2017,44364.3,,
ESTAT:NAMA_10_PC(1.0),02/12/25 11:00:00,Annual,"Current prices, purchasing power standard (PPS, EU27 from 2020) per capita",Gross domestic product at market prices,Norway,2018,47635.0,,
ESTAT:NAMA_10_PC(1.0),02/12/25 11:00:00,Annual,"Current prices, purchasing power standard (PPS, EU27 from 2020) per capita",Gross domestic product at market prices,Norway,2019,46131.9,,
ESTAT:NAMA_10_PC(1.0),02/12/25 11:00:00,Annual,"Current prices, purchasing power standard (PPS, EU27 from 2020) per capita",Gross domestic product at market prices,Norway,2020,42871.8,,
ESTAT:NAMA_10_PC(1.0),02/12/25 11:00:00,Annual,"Current prices, purchasing power standard (PPS, EU27 from 2020) per capita",Gross domestic product at market prices,Norway,2021,56760.0,,
ESTAT:NAMA_10_PC(1.0),02/12/25 11:00:00,Annual,"Current prices, purchasing power standard (PPS, EU27 from 2020) per capita",Gross domestic product at market prices,Norway,2022,77192.6,,
ESTAT:NAMA_10_PC(1.0),02/12/25 11:00:00,Annual,"Current prices, purchasing power standard (PPS, EU27 from 2020) per capita",Gross domestic product at market prices,Norway,2023,65150.3,,
ESTAT:NAMA_10_PC(1.0),02/12/25 11:00:00,Annual,"Current prices, purchasing power standard (PPS, EU27 from 2020) per capita",Gross domestic product at market prices,Norway,2024,64493.1,,
ESTAT:NAMA_10_PC(1.0),02/12/25 11:00:00,Annual,"Current prices, purchasing power standard (PPS, EU27 from 2020) per capita",Gross domestic product at market prices,Poland,2013,17640.6,,
ESTAT:NAMA_10_PC(1.0),02/12/25 11:00:00,Annual,"Current prices, purchasing power standard (PPS, EU27 from 2020) per capita",Gross domestic product at market prices,Poland,2014,18251.1,,
ESTAT:NAMA_10_PC(1.0),02/12/25 11:00:00,Annual,"Current prices, purchasing power standard (PPS, EU27 from 2020) per capita",Gross domestic product at market prices,Poland,2015,19407.6,,
ESTAT:NAMA_10_PC(1.0),02/12/25 11:00:00,Annual,"Current prices, purchasing power standard (PPS, EU27 from 2020) per capita",Gross domestic product at market prices,Poland,2016,19707.1,,
ESTAT:NAMA_10_PC(1.0),02/12/25 11:00:00,Annual,"Current prices, purchasing power standard (PPS, EU27 from 2020) per capita",Gross domestic product at market prices,Poland,2017,20729.9,,
ESTAT:NAMA_10_PC(1.0),02/12/25 11:00:00,Annual,"Current prices, purchasing power standard (PPS, EU27 from 2020) per capita",Gross domestic product at market prices,Poland,2018,21942.4,,
ESTAT:NAMA_10_PC(1.0),02/12/25 11:00:00,Annual,"Current prices, purchasing power standard (PPS, EU27 from 2020) per capita",Gross domestic product at market prices,Poland,2019,23345.3,,
ESTAT:NAMA_10_PC(1.0),02/12/25 11:00:00,Annual,"Current prices, purchasing power standard (PPS, EU27 from 2020) per capita",Gross domestic product at market prices,Poland,2020,23914.3,b,
ESTAT:NAMA_10_PC(1.0),02/12/25 11:00:00,Annual,"Current prices, purchasing power standard (PPS, EU27 from 2020) per capita",Gross domestic product at market prices,Poland,2021,26195.3,,
ESTAT:NAMA_10_PC(1.0),02/12/25 11:00:00,Annual,"Current prices, purchasing power standard (PPS, EU27 from 2020) per capita",Gross domestic product at market prices,Poland,2022,28149.4,b,
ESTAT:NAMA_10_PC(1.0),02/12/25 11:00:00,Annual,"Current prices, purchasing power standard (PPS, EU27 from 2020) per capita",Gross domestic product at market prices,Poland,2023,29572.1,,
ESTAT:NAMA_10_PC(1.0),02/12/25 11:00:00,Annual,"Current prices, purchasing power standard (PPS, EU27 from 2020) per capita",Gross domestic product at market prices,Poland,2024,31439.0,,
ESTAT:NAMA_10_PC(1.0),02/12/25 11:00:00,Annual,"Current prices, purchasing power standard (PPS, EU27 from 2020) per capita",Gross domestic product at market prices,Portugal,2013,20154.0,,
ESTAT:NAMA_10_PC(1.0),02/12/25 11:00:00,Annual,"Current prices, purchasing power standard (PPS, EU27 from 2020) per capita",Gross domestic product at market prices,Portugal,2014,20580.4,,
ESTAT:NAMA_10_PC(1.0),02/12/25 11:00:00,Annual,"Current prices, purchasing power standard (PPS, EU27 from 2020) per capita",Gross domestic product at market prices,Portugal,2015,21240.2,,
ESTAT:NAMA_10_PC(1.0),02/12/25 11:00:00,Annual,"Current prices, purchasing power standard (PPS, EU27 from 2020) per capita",Gross domestic product at market prices,Portugal,2016,21877.8,,
ESTAT:NAMA_10_PC(1.0),02/12/25 11:00:00,Annual,"Current prices, purchasing power standard (PPS, EU27 from 2020) per capita",Gross domestic product at market prices,Portugal,2017,22559.4,,
ESTAT:NAMA_10_PC(1.0),02/12/25 11:00:00,Annual,"Current prices, purchasing power standard (PPS, EU27 from 2020) per capita",Gross domestic product at market prices,Portugal,2018,23545.5,,
ESTAT:NAMA_10_PC(1.0),02/12/25 11:00:00,Annual,"Current prices, purchasing power standard (PPS, EU27 from 2020) per capita",Gross domestic product at market prices,Portugal,2019,24462.2,,
ESTAT:NAMA_10_PC(1.0),02/12/25 11:00:00,Annual,"Current prices, purchasing power standard (PPS, EU27 from 2020) per capita",Gross domestic product at market prices,Portugal,2020,22780.1,,
ESTAT:NAMA_10_PC(1.0),02/12/25 11:00:00,Annual,"Current prices, purchasing power standard (PPS, EU27 from 2020) per capita",Gross domestic product at market prices,Portugal,2021,24548.3,,
ESTAT:NAMA_10_PC(1.0),02/12/25 11:00:00,Annual,"Current prices, purchasing power standard (PPS, EU27 from 2020) per capita",Gross domestic product at market prices,Portugal,2022,27836.4,,
ESTAT:NAMA_10_PC(1.0),02/12/25 11:00:00,Annual,"Current prices, purchasing power standard (PPS, EU27 from 2020) per capita",Gross domestic product at market prices,Portugal,2023,31045.2,,
ESTAT:NAMA_10_PC(1.0),02/12/25 11:00:00,Annual,"Current prices, purchasing power standard (PPS, EU27 from 2020) per capita",Gross domestic product at market prices,Portugal,2024,32820.0,p,
ESTAT:NAMA_10_PC(1.0),02/12/25 11:00:00,Annual,"Current prices, purchasing power standard (PPS, EU27 from 2020) per capita",Gross domestic product at market prices,Romania,2013,14200.3,,
ESTAT:NAMA_10_PC(1.0),02/12/25 11:00:00,Annual,"Current prices, purchasing power standard (PPS, EU27 from 2020) per capita",Gross domestic product at market prices,Romania,2014,14783.3,,
ESTAT:NAMA_10_PC(1.0),02/12/25 11:00:00,Annual,"Current prices, purchasing power standard (PPS, EU27 from 2020) per capita",Gross domestic product at market prices,Romania,2015,15543.4,,
ESTAT:NAMA_10_PC(1.0),02/12/25 11:00:00,Annual,"Current prices, purchasing power standard (PPS, EU27 from 2020) per capita",Gross domestic product at market prices,Romania,2016,16602.3,,
ESTAT:NAMA_10_PC(1.0),02/12/25 11:00:00,Annual,"Current prices, purchasing power standard (PPS, EU27 from 2020) per capita",Gross domestic product at market prices,Romania,2017,18502.7,,
ESTAT:NAMA_10_PC(1.0),02/12/25 11:00:00,Annual,"Current prices, purchasing power standard (PPS, EU27 from 2020) per capita",Gross domestic product at market prices,Romania,2018,19913.0,,
ESTAT:NAMA_10_PC(1.0),02/12/25 11:00:00,Annual,"Current prices, purchasing power standard (PPS, EU27 from 2020) per capita",Gross domestic product at market prices,Romania,2019,21711.5,,
ESTAT:NAMA_10_PC(1.0),02/12/25 11:00:00,Annual,"Current prices, purchasing power standard (PPS, EU27 from 2020) per capita",Gross domestic product at market prices,Romania,2020,21807.0,,
ESTAT:NAMA_10_PC(1.0),02/12/25 11:00:00,Annual,"Current prices, purchasing power standard (PPS, EU27 from 2020) per capita",Gross domestic product at market prices,Romania,2021,23917.4,,
ESTAT:NAMA_10_PC(1.0),02/12/25 11:00:00,Annual,"Current prices, purchasing power standard (PPS, EU27 from 2020) per capita",Gross domestic product at market prices,Romania,2022,26363.2,,
ESTAT:NAMA_10_PC(1.0),02/12/25 11:00:00,Annual,"Current prices, purchasing power standard (PPS, EU27 from 2020) per capita",Gross domestic product at market prices,Romania,2023,29431.7,,
ESTAT:NAMA_10_PC(1.0),02/12/25 11:00:00,Annual,"Current prices, purchasing power standard (PPS, EU27 from 2020) per capita",Gross domestic product at market prices,Romania,2024,31107.8,p,
ESTAT:NAMA_10_PC(1.0),02/12/25 11:00:00,Annual,"Current prices, purchasing power standard (PPS, EU27 from 2020) per capita",Gross domestic product at market prices,Serbia,2013,11005.4,,
ESTAT:NAMA_10_PC(1.0),02/12/25 11:00:00,Annual,"Current prices, purchasing power standard (PPS, EU27 from 2020) per capita",Gross domestic product at market prices,Serbia,2014,10963.6,,
ESTAT:NAMA_10_PC(1.0),02/12/25 11:00:00,Annual,"Current prices, purchasing power standard (PPS, EU27 from 2020) per capita",Gross domestic product at market prices,Serbia,2015,11178.2,,
ESTAT:NAMA_10_PC(1.0),02/12/25 11:00:00,Annual,"Current prices, purchasing power standard (PPS, EU27 from 2020) per capita",Gross domestic product at market prices,Serbia,2016,11430.8,,
ESTAT:NAMA_10_PC(1.0),02/12/25 11:00:00,Annual,"Current prices, purchasing power standard (PPS, EU27 from 2020) per capita",Gross domestic product at market prices,Serbia,2017,11872.9,,
ESTAT:NAMA_10_PC(1.0),02/12/25 11:00:00,Annual,"Current prices, purchasing power standard (PPS, EU27 from 2020) per capita",Gross domestic product at market prices,Serbia,2018,12523.0,,
ESTAT:NAMA_10_PC(1.0),02/12/25 11:00:00,Annual,"Current prices, purchasing power standard (PPS, EU27 from 2020) per capita",Gross domestic product at market prices,Serbia,2019,13388.1,,
ESTAT:NAMA_10_PC(1.0),02/12/25 11:00:00,Annual,"Current prices, purchasing power standard (PPS, EU27 from 2020) per capita",Gross domestic product at market prices,Serbia,2020,13422.4,,
ESTAT:NAMA_10_PC(1.0),02/12/25 11:00:00,Annual,"Current prices, purchasing power standard (PPS, EU27 from 2020) per capita",Gross domestic product at market prices,Serbia,2021,14929.2,,
ESTAT:NAMA_10_PC(1.0),02/12/25 11:00:00,Annual,"Current prices, purchasing power standard (PPS, EU27 from 2020) per capita",Gross domestic product at market prices,Serbia,2022,16451.8,,
ESTAT:NAMA_10_PC(1.0),02/12/25 11:00:00,Annual,"Current prices, purchasing power standard (PPS, EU27 from 2020) per capita",Gross domestic product at market prices,Serbia,2023,18649.8,p,
ESTAT:NAMA_10_PC(1.0),02/12/25 11:00:00,Annual,"Current prices, purchasing power standard (PPS, EU27 from 2020) per capita",Gross domestic product at market prices,Serbia,2024,20581.0,p,
ESTAT:NAMA_10_PC(1.0),02/12/25 11:00:00,Annual,"Current prices, purchasing power standard (PPS, EU27 from 2020) per capita",Gross domestic product at market prices,Sweden,2013,33278.9,,
ESTAT:NAMA_10_PC(1.0),02/12/25 11:00:00,Annual,"Current prices, purchasing power standard (PPS, EU27 from 2020) per capita",Gross domestic product at market prices,Sweden,2014,33570.5,,
ESTAT:NAMA_10_PC(1.0),02/12/25 11:00:00,Annual,"Current prices, purchasing power standard (PPS, EU27 from 2020) per capita",Gross domestic product at market prices,Sweden,2015,35061.7,,
ESTAT:NAMA_10_PC(1.0),02/12/25 11:00:00,Annual,"Current prices, purchasing power standard (PPS, EU27 from 2020) per capita",Gross domestic product at market prices,Sweden,2016,34882.1,,
ESTAT:NAMA_10_PC(1.0),02/12/25 11:00:00,Annual,"Current prices, purchasing power standard (PPS, EU27 from 2020) per capita",Gross domestic product at market prices,Sweden,2017,35295.9,,
ESTAT:NAMA_10_PC(1.0),02/12/25 11:00:00,Annual,"Current prices, purchasing power standard (PPS, EU27 from 2020) per capita",Gross domestic product at market prices,Sweden,2018,35911.2,,
ESTAT:NAMA_10_PC(1.0),02/12/25 11:00:00,Annual,"Current prices, purchasing power standard (PPS, EU27 from 2020) per capita",Gross domestic product at market prices,Sweden,2019,36990.3,,
ESTAT:NAMA_10_PC(1.0),02/12/25 11:00:00,Annual,"Current prices, purchasing power standard (PPS, EU27 from 2020) per capita",Gross domestic product at market prices,Sweden,2020,36662.8,,
ESTAT:NAMA_10_PC(1.0),02/12/25 11:00:00,Annual,"Current prices, purchasing power standard (PPS, EU27 from 2020) per capita",Gross domestic product at market prices,Sweden,2021,39667.2,,
ESTAT:NAMA_10_PC(1.0),02/12/25 11:00:00,Annual,"Current prices, purchasing power standard (PPS, EU27 from 2020) per capita",Gross domestic product at market prices,Sweden,2022,41100.5,,
ESTAT:NAMA_10_PC(1.0),02/12/25 11:00:00,Annual,"Current prices, purchasing power standard (PPS, EU27 from 2020) per capita",Gross domestic product at market prices,Sweden,2023,42892.0,,
ESTAT:NAMA_10_PC(1.0),02/12/25 11:00:00,Annual,"Current prices, purchasing power standard (PPS, EU27 from 2020) per capita",Gross domestic product at market prices,Sweden,2024,44668.1,,
ESTAT:NAMA_10_PC(1.0),02/12/25 11:00:00,Annual,"Current prices, purchasing power standard (PPS, EU27 from 2020) per capita",Gross domestic product at market prices,Slovenia,2013,21394.4,,
ESTAT:NAMA_10_PC(1.0),02/12/25 11:00:00,Annual,"Current prices, purchasing power standard (PPS, EU27 from 2020) per capita",Gross domestic product at market prices,Slovenia,2014,21914.6,,
ESTAT:NAMA_10_PC(1.0),02/12/25 11:00:00,Annual,"Current prices, purchasing power standard (PPS, EU27 from 2020) per capita",Gross domestic product at market prices,Slovenia,2015,22534.1,,
ESTAT:NAMA_10_PC(1.0),02/12/25 11:00:00,Annual,"Current prices, purchasing power standard (PPS, EU27 from 2020) per capita",Gross domestic product at market prices,Slovenia,2016,23327.7,,
ESTAT:NAMA_10_PC(1.0),02/12/25 11:00:00,Annual,"Current prices, purchasing power standard (PPS, EU27 from 2020) per capita",Gross domestic product at market prices,Slovenia,2017,24857.8,,
ESTAT:NAMA_10_PC(1.0),02/12/25 11:00:00,Annual,"Current prices, purchasing power standard (PPS, EU27 from 2020) per capita",Gross domestic product at market prices,Slovenia,2018,26211.0,,
ESTAT:NAMA_10_PC(1.0),02/12/25 11:00:00,Annual,"Current prices, purchasing power standard (PPS, EU27 from 2020) per capita",Gross domestic product at market prices,Slovenia,2019,27547.4,,
ESTAT:NAMA_10_PC(1.0),02/12/25 11:00:00,Annual,"Current prices, purchasing power standard (PPS, EU27 from 2020) per capita",Gross domestic product at market prices,Slovenia,2020,26674.6,,
ESTAT:NAMA_10_PC(1.0),02/12/25 11:00:00,Annual,"Current prices, purchasing power standard (PPS, EU27 from 2020) per capita",Gross domestic product at market prices,Slovenia,2021,29295.7,,
ESTAT:NAMA_10_PC(1.0),02/12/25 11:00:00,Annual,"Current prices, purchasing power standard (PPS, EU27 from 2020) per capita",Gross domestic product at market prices,Slovenia,2022,32041.9,,
ESTAT:NAMA_10_PC(1.0),02/12/25 11:00:00,Annual,"Current prices, purchasing power standard (PPS, EU27 from 2020) per capita",Gross domestic product at market prices,Slovenia,2023,35052.2,,
ESTAT:NAMA_10_PC(1.0),02/12/25 11:00:00,Annual,"Current prices, purchasing power standard (PPS, EU27 from 2020) per capita",Gross domestic product at market prices,Slovenia,2024,36327.5,,
ESTAT:NAMA_10_PC(1.0),02/12/25 11:00:00,Annual,"Current prices, purchasing power standard (PPS, EU27 from 2020) per capita",Gross domestic product at market prices,Slovakia,2013,20266.6,,
ESTAT:NAMA_10_PC(1.0),02/12/25 11:00:00,Annual,"Current prices, purchasing power standard (PPS, EU27 from 2020) per capita",Gross domestic product at market prices,Slovakia,2014,20863.8,,
ESTAT:NAMA_10_PC(1.0),02/12/25 11:00:00,Annual,"Current prices, purchasing power standard (PPS, EU27 from 2020) per capita",Gross domestic product at market prices,Slovakia,2015,21683.0,,
ESTAT:NAMA_10_PC(1.0),02/12/25 11:00:00,Annual,"Current prices, purchasing power standard (PPS, EU27 from 2020) per capita",Gross domestic product at market prices,Slovakia,2016,20747.9,,
ESTAT:NAMA_10_PC(1.0),02/12/25 11:00:00,Annual,"Current prices, purchasing power standard (PPS, EU27 from 2020) per capita",Gross domestic product at market prices,Slovakia,2017,20778.1,,
ESTAT:NAMA_10_PC(1.0),02/12/25 11:00:00,Annual,"Current prices, purchasing power standard (PPS, EU27 from 2020) per capita",Gross domestic product at market prices,Slovakia,2018,21368.3,,
ESTAT:NAMA_10_PC(1.0),02/12/25 11:00:00,Annual,"Current prices, purchasing power standard (PPS, EU27 from 2020) per capita",Gross domestic product at market prices,Slovakia,2019,22104.9,,
ESTAT:NAMA_10_PC(1.0),02/12/25 11:00:00,Annual,"Current prices, purchasing power standard (PPS, EU27 from 2020) per capita",Gross domestic product at market prices,Slovakia,2020,22559.3,,
ESTAT:NAMA_10_PC(1.0),02/12/25 11:00:00,Annual,"Current prices, purchasing power standard (PPS, EU27 from 2020) per capita",Gross domestic product at market prices,Slovakia,2021,24477.8,b,
ESTAT:NAMA_10_PC(1.0),02/12/25 11:00:00,Annual,"Current prices, purchasing power standard (PPS, EU27 from 2020) per capita",Gross domestic product at market prices,Slovakia,2022,25618.8,,
ESTAT:NAMA_10_PC(1.0),02/12/25 11:00:00,Annual,"Current prices, purchasing power standard (PPS, EU27 from 2020) per capita",Gross domestic product at market prices,Slovakia,2023,28282.8,,
ESTAT:NAMA_10_PC(1.0),02/12/25 11:00:00,Annual,"Current prices, purchasing power standard (PPS, EU27 from 2020) per capita",Gross domestic product at market prices,Slovakia,2024,29743.9,,
ESTAT:NAMA_10_PC(1.0),02/12/25 11:00:00,Annual,"Current prices, purchasing power standard (PPS, EU27 from 2020) per capita",Gross domestic product at market prices,Türkiye,2013,16222.8,,
ESTAT:NAMA_10_PC(1.0),02/12/25 11:00:00,Annual,"Current prices, purchasing power standard (PPS, EU27 from 2020) per capita",Gross domestic product at market prices,Türkiye,2014,17340.1,,
ESTAT:NAMA_10_PC(1.0),02/12/25 11:00:00,Annual,"Current prices, purchasing power standard (PPS, EU27 from 2020) per capita",Gross domestic product at market prices,Türkiye,2015,18615.7,,
ESTAT:NAMA_10_PC(1.0),02/12/25 11:00:00,Annual,"Current prices, purchasing power standard (PPS, EU27 from 2020) per capita",Gross domestic product at market prices,Türkiye,2016,18568.6,,
ESTAT:NAMA_10_PC(1.0),02/12/25 11:00:00,Annual,"Current prices, purchasing power standard (PPS, EU27 from 2020) per capita",Gross domestic product at market prices,Türkiye,2017,19475.1,,
ESTAT:NAMA_10_PC(1.0),02/12/25 11:00:00,Annual,"Current prices, purchasing power standard (PPS, EU27 from 2020) per capita",Gross domestic product at market prices,Türkiye,2018,19419.7,,
ESTAT:NAMA_10_PC(1.0),02/12/25 11:00:00,Annual,"Current prices, purchasing power standard (PPS, EU27 from 2020) per capita",Gross domestic product at market prices,Türkiye,2019,18869.8,,
ESTAT:NAMA_10_PC(1.0),02/12/25 11:00:00,Annual,"Current prices, purchasing power standard (PPS, EU27 from 2020) per capita",Gross domestic product at market prices,Türkiye,2020,18657.8,,
ESTAT:NAMA_10_PC(1.0),02/12/25 11:00:00,Annual,"Current prices, purchasing power standard (PPS, EU27 from 2020) per capita",Gross domestic product at market prices,Türkiye,2021,20477.9,,
ESTAT:NAMA_10_PC(1.0),02/12/25 11:00:00,Annual,"Current prices, purchasing power standard (PPS, EU27 from 2020) per capita",Gross domestic product at market prices,Türkiye,2022,25021.4,,
ESTAT:NAMA_10_PC(1.0),02/12/25 11:00:00,Annual,"Current prices, purchasing power standard (PPS, EU27 from 2020) per capita",Gross domestic product at market prices,Türkiye,2023,28021.9,,
ESTAT:NAMA_10_PC(1.0),02/12/25 11:00:00,Annual,"Current prices, purchasing power standard (PPS, EU27 from 2020) per capita",Gross domestic product at market prices,United Kingdom,2013,28832.8,,
ESTAT:NAMA_10_PC(1.0),02/12/25 11:00:00,Annual,"Current prices, purchasing power standard (PPS, EU27 from 2020) per capita",Gross domestic product at market prices,United Kingdom,2014,29596.6,,
ESTAT:NAMA_10_PC(1.0),02/12/25 11:00:00,Annual,"Current prices, purchasing power standard (PPS, EU27 from 2020) per capita",Gross domestic product at market prices,United Kingdom,2015,30610.1,,
ESTAT:NAMA_10_PC(1.0),02/12/25 11:00:00,Annual,"Current prices, purchasing power standard (PPS, EU27 from 2020) per capita",Gross domestic product at market prices,United Kingdom,2016,30651.9,,
ESTAT:NAMA_10_PC(1.0),02/12/25 11:00:00,Annual,"Current prices, purchasing power standard (PPS, EU27 from 2020) per capita",Gross domestic product at market prices,United Kingdom,2017,31429.6,,
ESTAT:NAMA_10_PC(1.0),02/12/25 11:00:00,Annual,"Current prices, purchasing power standard (PPS, EU27 from 2020) per capita",Gross domestic product at market prices,United Kingdom,2018,31785.5,,
ESTAT:NAMA_10_PC(1.0),02/12/25 11:00:00,Annual,"Current prices, purchasing power standard (PPS, EU27 from 2020) per capita",Gross domestic product at market prices,United Kingdom,2019,32242.4,,
