DATAFLOW,LAST UPDATE,freq,sex,age,unit,isced11,geo,TIME_PERIOD,OBS_VALUE,OBS_FLAG,CONF_STATUS
ESTAT:EDAT_LFSE_03(1.0),12/06/25 23:00:00,Annual,Total,From 25 to 34 years,Percentage,Tertiary education (levels 5-8),Austria,2013,24.9,,
ESTAT:EDAT_LFSE_03(1.0),12/06/25 23:00:00,Annual,Total,From 25 to 34 years,Percentage,Tertiary education (levels 5-8),Austria,2014,38.4,b,
ESTAT:EDAT_LFSE_03(1.0),12/06/25 23:00:00,Annual,Total,From 25 to 34 years,Percentage,Tertiary education (levels 5-8),Austria,2015,38.6,,
ESTAT:EDAT_LFSE_03(1.0),12/06/25 23:00:00,Annual,Total,From 25 to 34 years,Percentage,Tertiary education (levels 5-8),Austria,2016,39.7,,
ESTAT:EDAT_LFSE_03(1.0),12/06/25 23:00:00,Annual,Total,From 25 to 34 years,Percentage,Tertiary education (levels 5-8),Austria,2017,40.3,,
ESTAT:EDAT_LFSE_03(1.0),12/06/25 23:00:00,Annual,Total,From 25 to 34 years,Percentage,Tertiary education (levels 5-8),Austria,2018,40.5,,
ESTAT:EDAT_LFSE_03(1.0),12/06/25 23:00:00,Annual,Total,From 25 to 34 years,Percentage,Tertiary education (levels 5-8),Austria,2019,41.6,,
ESTAT:EDAT_LFSE_03(1.0),12/06/25 23:00:00,Annual,Total,From 25 to 34 years,Percentage,Tertiary education (levels 5-8),Austria,2020,41.4,,
ESTAT:EDAT_LFSE_03(1.0),12/06/25 23:00:00,Annual,Total,From 25 to 34 years,Percentage,Tertiary education (levels 5-8),Austria,2021,42.4,b,
ESTAT:EDAT_LFSE_03(1.0),12/06/25 23:00:00,Annual,Total,From 25 to 34 years,Percentage,Tertiary education (levels 5-8),Austria,2022,43.1,,
ESTAT:EDAT_LFSE_03(1.0),12/06/25 23:00:00,Annual,Total,From 25 to 34 years,Percentage,Tertiary education (levels 5-8),Austria,2023,43.5,,
ESTAT:EDAT_LFSE_03(1.0),12/06/25 23:00:00,Annual,Total,From 25 to 34 years,Percentage,Tertiary education (levels 5-8),Austria,2024,44.1,,
ESTAT:EDAT_LFSE_03(1.0),12/06/25 23:00:00,Annual,Total,From 25 to 34 years,Percentage,Tertiary education (levels 5-8),Bosnia and Herzegovina,2021,27.1,,
ESTAT:EDAT_LFSE_03(1.0),12/06/25 23:00:00,Annual,Total,From 25 to 34 years,Percentage,Tertiary education (levels 5-8),Bosnia and Herzegovina,2022,26.4,,
ESTAT:EDAT_LFSE_03(1.0),12/06/25 23:00:00,Annual,Total,From 25 to 34 years,Percentage,Tertiary education (levels 5-8),Bosnia and Herzegovina,2023,26.6,,
ESTAT:EDAT_LFSE_03(1.0),12/06/25 23:00:00,Annual,Total,From 25 to 34 years,Percentage,Tertiary education (levels 5-8),Bosnia and Herzegovina,2024,26.7,,
ESTAT:EDAT_LFSE_03(1.0),12/06/25 23:00:00,Annual,Total,From 25 to 34 years,Percentage,Tertiary education (levels 5-8),Belgium,2013,42.7,,
ESTAT:EDAT_LFSE_03(1.0),12/06/25 23:00:00,Annual,Total,From 25 to 34 years,Percentage,Tertiary education (levels 5-8),Belgium,2014,44.2,b,
ESTAT:EDAT_LFSE_03(1.0),12/06/25 23:00:00,Annual,Total,From 25 to 34 years,Percentage,Tertiary education (levels 5-8),Belgium,2015,43.1,,
ESTAT:EDAT_LFSE_03(1.0),12/06/25 23:00:00,Annual,Total,From 25 to 34 years,Percentage,Tertiary education (levels 5-8),Belgium,2016,44.3,,
ESTAT:EDAT_LFSE_03(1.0),12/06/25 23:00:00,Annual,Total,From 25 to 34 years,Percentage,Tertiary education (levels 5-8),Belgium,2017,45.7,b,
ESTAT:EDAT_LFSE_03(1.0),12/06/25 23:00:00,Annual,Total,From 25 to 34 years,Percentage,Tertiary education (levels 5-8),Belgium,2018,47.4,,
ESTAT:EDAT_LFSE_03(1.0),12/06/25 23:00:00,Annual,Total,From 25 to 34 years,Percentage,Tertiary education (levels 5-8),Belgium,2019,47.3,,
ESTAT:EDAT_LFSE_03(1.0),12/06/25 23:00:00,Annual,Total,From 25 to 34 years,Percentage,Tertiary education (levels 5-8),Belgium,2020,48.5,,
ESTAT:EDAT_LFSE_03(1.0),12/06/25 23:00:00,Annual,Total,From 25 to 34 years,Percentage,Tertiary education (levels 5-8),Belgium,2021,50.9,b,
ESTAT:EDAT_LFSE_03(1.0),12/06/25 23:00:00,Annual,Total,From 25 to 34 years,Percentage,Tertiary education (levels 5-8),Belgium,2022,51.4,,
ESTAT:EDAT_LFSE_03(1.0),12/06/25 23:00:00,Annual,Total,From 25 to 34 years,Percentage,Tertiary education (levels 5-8),Belgium,2023,50.0,,
ESTAT:EDAT_LFSE_03(1.0),12/06/25 23:00:00,Annual,Total,From 25 to 34 years,Percentage,Tertiary education (levels 5-8),Belgium,2024,50.7,,
ESTAT:EDAT_LFSE_03(1.0),12/06/25 23:00:00,Annual,Total,From 25 to 34 years,Percentage,Tertiary education (levels 5-8),Bulgaria,2013,29.6,,
ESTAT:EDAT_LFSE_03(1.0),12/06/25 23:00:00,Annual,Total,From 25 to 34 years,Percentage,Tertiary education (levels 5-8),Bulgaria,2014,31.3,b,
ESTAT:EDAT_LFSE_03(1.0),12/06/25 23:00:00,Annual,Total,From 25 to 34 years,Percentage,Tertiary education (levels 5-8),Bulgaria,2015,31.8,,
ESTAT:EDAT_LFSE_03(1.0),12/06/25 23:00:00,Annual,Total,From 25 to 34 years,Percentage,Tertiary education (levels 5-8),Bulgaria,2016,32.8,,
ESTAT:EDAT_LFSE_03(1.0),12/06/25 23:00:00,Annual,Total,From 25 to 34 years,Percentage,Tertiary education (levels 5-8),Bulgaria,2017,33.4,,
ESTAT:EDAT_LFSE_03(1.0),12/06/25 23:00:00,Annual,Total,From 25 to 34 years,Percentage,Tertiary education (levels 5-8),Bulgaria,2018,34.0,,
ESTAT:EDAT_LFSE_03(1.0),12/06/25 23:00:00,Annual,Total,From 25 to 34 years,Percentage,Tertiary education (levels 5-8),Bulgaria,2019,32.6,b,
ESTAT:EDAT_LFSE_03(1.0),12/06/25 23:00:00,Annual,Total,From 25 to 34 years,Percentage,Tertiary education (levels 5-8),Bulgaria,2020,33.1,,
ESTAT:EDAT_LFSE_03(1.0),12/06/25 23:00:00,Annual,Total,From 25 to 34 years,Percentage,Tertiary education (levels 5-8),Bulgaria,2021,33.8,b,
ESTAT:EDAT_LFSE_03(1.0),12/06/25 23:00:00,Annual,Total,From 25 to 34 years,Percentage,Tertiary education (levels 5-8),Bulgaria,2022,34.0,,
ESTAT:EDAT_LFSE_03(1.0),12/06/25 23:00:00,Annual,Total,From 25 to 34 years,Percentage,Tertiary education (levels 5-8),Bulgaria,2023,35.8,,
ESTAT:EDAT_LFSE_03(1.0),12/06/25 23:00:00,Annual,Total,From 25 to 34 years,Percentage,Tertiary education (levels 5-8),Bulgaria,2024,40.5,b,
ESTAT:EDAT_LFSE_03(1.0),12/06/25 23:00:00,Annual,Total,From 25 to 34 years,Percentage,Tertiary education (levels 5-8),Switzerland,2013,41.9,,
ESTAT:EDAT_LFSE_03(1.0),12/06/25 23:00:00,Annual,Total,From 25 to 34 years,Percentage,Tertiary education (levels 5-8),Switzerland,2014,44.2,b,
ESTAT:EDAT_LFSE_03(1.0),12/06/25 23:00:00,Annual,Total,From 25 to 34 years,Percentage,Tertiary education (levels 5-8),Switzerland,2015,46.5,,
ESTAT:EDAT_LFSE_03(1.0),12/06/25 23:00:00,Annual,Total,From 25 to 34 years,Percentage,Tertiary education (levels 5-8),Switzerland,2016,48.8,,
ESTAT:EDAT_LFSE_03(1.0),12/06/25 23:00:00,Annual,Total,From 25 to 34 years,Percentage,Tertiary education (levels 5-8),Switzerland,2017,50.1,,
ESTAT:EDAT_LFSE_03(1.0),12/06/25 23:00:00,Annual,Total,From 25 to 34 years,Percentage,Tertiary education (levels 5-8),Switzerland,2018,51.2,,
ESTAT:EDAT_LFSE_03(1.0),12/06/25 23:00:00,Annual,Total,From 25 to 34 years,Percentage,Tertiary education (levels 5-8),Switzerland,2019,52.7,,
ESTAT:EDAT_LFSE_03(1.0),12/06/25 23:00:00,Annual,Total,From 25 to 34 years,Percentage,Tertiary education (levels 5-8),Switzerland,2020,53.0,,
ESTAT:EDAT_LFSE_03(1.0),12/06/25 23:00:00,Annual,Total,From 25 to 34 years,Percentage,Tertiary education (levels 5-8),Switzerland,2021,52.3,b,
ESTAT:EDAT_LFSE_03(1.0),12/06/25 23:00:00,Annual,Total,From 25 to 34 years,Percentage,Tertiary education (levels 5-8),Switzerland,2022,51.2,,
ESTAT:EDAT_LFSE_03(1.0),12/06/25 23:00:00,Annual,Total,From 25 to 34 years,Percentage,Tertiary education (levels 5-8),Switzerland,2023,51.9,,
ESTAT:EDAT_LFSE_03(1.0),12/06/25 23:00:00,Annual,Total,From 25 to 34 years,Percentage,Tertiary education (levels 5-8),Switzerland,2024,51.0,,
ESTAT:EDAT_LFSE_03(1.0),12/06/25 23:00:00,Annual,Total,From 25 to 34 years,Percentage,Tertiary education (levels 5-8),Cyprus,2013,51.4,,
ESTAT:EDAT_LFSE_03(1.0),12/06/25 23:00:00,Annual,Total,From 25 to 34 years,Percentage,Tertiary education (levels 5-8),Cyprus,2014,54.0,b,
ESTAT:EDAT_LFSE_03(1.0),12/06/25 23:00:00,Annual,Total,From 25 to 34 years,Percentage,Tertiary education (levels 5-8),Cyprus,2015,54.7,,
ESTAT:EDAT_LFSE_03(1.0),12/06/25 23:00:00,Annual,Total,From 25 to 34 years,Percentage,Tertiary education (levels 5-8),Cyprus,2016,56.2,,
ESTAT:EDAT_LFSE_03(1.0),12/06/25 23:00:00,Annual,Total,From 25 to 34 years,Percentage,Tertiary education (levels 5-8),Cyprus,2017,57.0,,
ESTAT:EDAT_LFSE_03(1.0),12/06/25 23:00:00,Annual,Total,From 25 to 34 years,Percentage,Tertiary education (levels 5-8),Cyprus,2018,58.5,,
ESTAT:EDAT_LFSE_03(1.0),12/06/25 23:00:00,Annual,Total,From 25 to 34 years,Percentage,Tertiary education (levels 5-8),Cyprus,2019,59.1,,
ESTAT:EDAT_LFSE_03(1.0),12/06/25 23:00:00,Annual,Total,From 25 to 34 years,Percentage,Tertiary education (levels 5-8),Cyprus,2020,57.4,,
ESTAT:EDAT_LFSE_03(1.0),12/06/25 23:00:00,Annual,Total,From 25 to 34 years,Percentage,Tertiary education (levels 5-8),Cyprus,2021,58.8,b,
ESTAT:EDAT_LFSE_03(1.0),12/06/25 23:00:00,Annual,Total,From 25 to 34 years,Percentage,Tertiary education (levels 5-8),Cyprus,2022,59.2,,
ESTAT:EDAT_LFSE_03(1.0),12/06/25 23:00:00,Annual,Total,From 25 to 34 years,Percentage,Tertiary education (levels 5-8),Cyprus,2023,61.6,,
ESTAT:EDAT_LFSE_03(1.0),12/06/25 23:00:00,Annual,Total,From 25 to 34 years,Percentage,Tertiary education (levels 5-8),Cyprus,2024,60.1,,
ESTAT:EDAT_LFSE_03(1.0),12/06/25 23:00:00,Annual,Total,From 25 to 34 years,Percentage,Tertiary education (levels 5-8),Czechia,2013,29.2,,
ESTAT:EDAT_LFSE_03(1.0),12/06/25 23:00:00,Annual,Total,From 25 to 34 years,Percentage,Tertiary education (levels 5-8),Czechia,2014,29.9,b,
ESTAT:EDAT_LFSE_03(1.0),12/06/25 23:00:00,Annual,Total,From 25 to 34 years,Percentage,Tertiary education (levels 5-8),Czechia,2015,31.0,,
ESTAT:EDAT_LFSE_03(1.0),12/06/25 23:00:00,Annual,Total,From 25 to 34 years,Percentage,Tertiary education (levels 5-8),Czechia,2016,32.6,,
ESTAT:EDAT_LFSE_03(1.0),12/06/25 23:00:00,Annual,Total,From 25 to 34 years,Percentage,Tertiary education (levels 5-8),Czechia,2017,33.8,,
ESTAT:EDAT_LFSE_03(1.0),12/06/25 23:00:00,Annual,Total,From 25 to 34 years,Percentage,Tertiary education (levels 5-8),Czechia,2018,33.3,,
ESTAT:EDAT_LFSE_03(1.0),12/06/25 23:00:00,Annual,Total,From 25 to 34 years,Percentage,Tertiary education (levels 5-8),Czechia,2019,32.6,,
ESTAT:EDAT_LFSE_03(1.0),12/06/25 23:00:00,Annual,Total,From 25 to 34 years,Percentage,Tertiary education (levels 5-8),Czechia,2020,33.0,,
ESTAT:EDAT_LFSE_03(1.0),12/06/25 23:00:00,Annual,Total,From 25 to 34 years,Percentage,Tertiary education (levels 5-8),Czechia,2021,34.9,b,
ESTAT:EDAT_LFSE_03(1.0),12/06/25 23:00:00,Annual,Total,From 25 to 34 years,Percentage,Tertiary education (levels 5-8),Czechia,2022,34.6,,
ESTAT:EDAT_LFSE_03(1.0),12/06/25 23:00:00,Annual,Total,From 25 to 34 years,Percentage,Tertiary education (levels 5-8),Czechia,2023,33.7,,
ESTAT:EDAT_LFSE_03(1.0),12/06/25 23:00:00,Annual,Total,From 25 to 34 years,Percentage,Tertiary education (levels 5-8),Czechia,2024,33.5,,
ESTAT:EDAT_LFSE_03(1.0),12/06/25 23:00:00,Annual,Total,From 25 to 34 years,Percentage,Tertiary education (levels 5-8),Germany,2013,29.9,,
ESTAT:EDAT_LFSE_03(1.0),12/06/25 23:00:00,Annual,Total,From 25 to 34 years,Percentage,Tertiary education (levels 5-8),Germany,2014,28.4,b,
ESTAT:EDAT_LFSE_03(1.0),12/06/25 23:00:00,Annual,Total,From 25 to 34 years,Percentage,Tertiary education (levels 5-8),Germany,2015,29.6,,
ESTAT:EDAT_LFSE_03(1.0),12/06/25 23:00:00,Annual,Total,From 25 to 34 years,Percentage,Tertiary education (levels 5-8),Germany,2016,30.5,,
ESTAT:EDAT_LFSE_03(1.0),12/06/25 23:00:00,Annual,Total,From 25 to 34 years,Percentage,Tertiary education (levels 5-8),Germany,2017,31.3,,
ESTAT:EDAT_LFSE_03(1.0),12/06/25 23:00:00,Annual,Total,From 25 to 34 years,Percentage,Tertiary education (levels 5-8),Germany,2018,32.3,,
ESTAT:EDAT_LFSE_03(1.0),12/06/25 23:00:00,Annual,Total,From 25 to 34 years,Percentage,Tertiary education (levels 5-8),Germany,2019,33.3,,
ESTAT:EDAT_LFSE_03(1.0),12/06/25 23:00:00,Annual,Total,From 25 to 34 years,Percentage,Tertiary education (levels 5-8),Germany,2020,35.3,b,
ESTAT:EDAT_LFSE_03(1.0),12/06/25 23:00:00,Annual,Total,From 25 to 34 years,Percentage,Tertiary education (levels 5-8),Germany,2021,36.9,b,
ESTAT:EDAT_LFSE_03(1.0),12/06/25 23:00:00,Annual,Total,From 25 to 34 years,Percentage,Tertiary education (levels 5-8),Germany,2022,36.8,,
ESTAT:EDAT_LFSE_03(1.0),12/06/25 23:00:00,Annual,Total,From 25 to 34 years,Percentage,Tertiary education (levels 5-8),Germany,2023,37.9,,
ESTAT:EDAT_LFSE_03(1.0),12/06/25 23:00:00,Annual,Total,From 25 to 34 years,Percentage,Tertiary education (levels 5-8),Germany,2024,39.9,,
ESTAT:EDAT_LFSE_03(1.0),12/06/25 23:00:00,Annual,Total,From 25 to 34 years,Percentage,Tertiary education (levels 5-8),Denmark,2013,40.9,,
ESTAT:EDAT_LFSE_03(1.0),12/06/25 23:00:00,Annual,Total,From 25 to 34 years,Percentage,Tertiary education (levels 5-8),Denmark,2014,41.6,b,
ESTAT:EDAT_LFSE_03(1.0),12/06/25 23:00:00,Annual,Total,From 25 to 34 years,Percentage,Tertiary education (levels 5-8),Denmark,2015,43.0,,
ESTAT:EDAT_LFSE_03(1.0),12/06/25 23:00:00,Annual,Total,From 25 to 34 years,Percentage,Tertiary education (levels 5-8),Denmark,2016,44.6,b,
ESTAT:EDAT_LFSE_03(1.0),12/06/25 23:00:00,Annual,Total,From 25 to 34 years,Percentage,Tertiary education (levels 5-8),Denmark,2017,45.5,b,
ESTAT:EDAT_LFSE_03(1.0),12/06/25 23:00:00,Annual,Total,From 25 to 34 years,Percentage,Tertiary education (levels 5-8),Denmark,2018,45.8,,
ESTAT:EDAT_LFSE_03(1.0),12/06/25 23:00:00,Annual,Total,From 25 to 34 years,Percentage,Tertiary education (levels 5-8),Denmark,2019,47.1,,
ESTAT:EDAT_LFSE_03(1.0),12/06/25 23:00:00,Annual,Total,From 25 to 34 years,Percentage,Tertiary education (levels 5-8),Denmark,2020,47.1,,
ESTAT:EDAT_LFSE_03(1.0),12/06/25 23:00:00,Annual,Total,From 25 to 34 years,Percentage,Tertiary education (levels 5-8),Denmark,2021,49.1,b,
ESTAT:EDAT_LFSE_03(1.0),12/06/25 23:00:00,Annual,Total,From 25 to 34 years,Percentage,Tertiary education (levels 5-8),Denmark,2022,49.0,,
ESTAT:EDAT_LFSE_03(1.0),12/06/25 23:00:00,Annual,Total,From 25 to 34 years,Percentage,Tertiary education (levels 5-8),Denmark,2023,49.0,,
ESTAT:EDAT_LFSE_03(1.0),12/06/25 23:00:00,Annual,Total,From 25 to 34 years,Percentage,Tertiary education (levels 5-8),Denmark,2024,51.2,,
ESTAT:EDAT_LFSE_03(1.0),12/06/25 23:00:00,Annual,Total,From 25 to 34 years,Percentage,Tertiary education (levels 5-8),Estonia,2013,40.6,,
ESTAT:EDAT_LFSE_03(1.0),12/06/25 23:00:00,Annual,Total,From 25 to 34 years,Percentage,Tertiary education (levels 5-8),Estonia,2014,40.6,b,
ESTAT:EDAT_LFSE_03(1.0),12/06/25 23:00:00,Annual,Total,From 25 to 34 years,Percentage,Tertiary education (levels 5-8),Estonia,2015,38.5,,
ESTAT:EDAT_LFSE_03(1.0),12/06/25 23:00:00,Annual,Total,From 25 to 34 years,Percentage,Tertiary education (levels 5-8),Estonia,2016,39.1,,
ESTAT:EDAT_LFSE_03(1.0),12/06/25 23:00:00,Annual,Total,From 25 to 34 years,Percentage,Tertiary education (levels 5-8),Estonia,2017,40.9,,
ESTAT:EDAT_LFSE_03(1.0),12/06/25 23:00:00,Annual,Total,From 25 to 34 years,Percentage,Tertiary education (levels 5-8),Estonia,2018,41.1,,
ESTAT:EDAT_LFSE_03(1.0),12/06/25 23:00:00,Annual,Total,From 25 to 34 years,Percentage,Tertiary education (levels 5-8),Estonia,2019,40.6,,
ESTAT:EDAT_LFSE_03(1.0),12/06/25 23:00:00,Annual,Total,From 25 to 34 years,Percentage,Tertiary education (levels 5-8),Estonia,2020,40.1,,
ESTAT:EDAT_LFSE_03(1.0),12/06/25 23:00:00,Annual,Total,From 25 to 34 years,Percentage,Tertiary education (levels 5-8),Estonia,2021,43.2,b,
ESTAT:EDAT_LFSE_03(1.0),12/06/25 23:00:00,Annual,Total,From 25 to 34 years,Percentage,Tertiary education (levels 5-8),Estonia,2022,43.9,,
ESTAT:EDAT_LFSE_03(1.0),12/06/25 23:00:00,Annual,Total,From 25 to 34 years,Percentage,Tertiary education (levels 5-8),Estonia,2023,43.5,,
ESTAT:EDAT_LFSE_03(1.0),12/06/25 23:00:00,Annual,Total,From 25 to 34 years,Percentage,Tertiary education (levels 5-8),Estonia,2024,42.7,,
ESTAT:EDAT_LFSE_03(1.0),12/06/25 23:00:00,Annual,Total,From 25 to 34 years,Percentage,Tertiary education (levels 5-8),Greece,2013,37.2,,
ESTAT:EDAT_LFSE_03(1.0),12/06/25 23:00:00,Annual,Total,From 25 to 34 years,Percentage,Tertiary education (levels 5-8),Greece,2014,38.7,b,
ESTAT:EDAT_LFSE_03(1.0),12/06/25 23:00:00,Annual,Total,From 25 to 34 years,Percentage,Tertiary education (levels 5-8),Greece,2015,40.1,,
ESTAT:EDAT_LFSE_03(1.0),12/06/25 23:00:00,Annual,Total,From 25 to 34 years,Percentage,Tertiary education (levels 5-8),Greece,2016,41.0,,
ESTAT:EDAT_LFSE_03(1.0),12/06/25 23:00:00,Annual,Total,From 25 to 34 years,Percentage,Tertiary education (levels 5-8),Greece,2017,42.5,,
ESTAT:EDAT_LFSE_03(1.0),12/06/25 23:00:00,Annual,Total,From 25 to 34 years,Percentage,Tertiary education (levels 5-8),Greece,2018,42.8,,
ESTAT:EDAT_LFSE_03(1.0),12/06/25 23:00:00,Annual,Total,From 25 to 34 years,Percentage,Tertiary education (levels 5-8),Greece,2019,42.4,,
ESTAT:EDAT_LFSE_03(1.0),12/06/25 23:00:00,Annual,Total,From 25 to 34 years,Percentage,Tertiary education (levels 5-8),Greece,2020,43.7,,
ESTAT:EDAT_LFSE_03(1.0),12/06/25 23:00:00,Annual,Total,From 25 to 34 years,Percentage,Tertiary education (levels 5-8),Greece,2021,44.2,b,
ESTAT:EDAT_LFSE_03(1.0),12/06/25 23:00:00,Annual,Total,From 25 to 34 years,Percentage,Tertiary education (levels 5-8),Greece,2022,45.2,,
ESTAT:EDAT_LFSE_03(1.0),12/06/25 23:00:00,Annual,Total,From 25 to 34 years,Percentage,Tertiary education (levels 5-8),Greece,2023,44.5,,
ESTAT:EDAT_LFSE_03(1.0),12/06/25 23:00:00,Annual,Total,From 25 to 34 years,Percentage,Tertiary education (levels 5-8),Greece,2024,44.5,,
ESTAT:EDAT_LFSE_03(1.0),12/06/25 23:00:00,Annual,Total,From 25 to 34 years,Percentage,Tertiary education (levels 5-8),Spain,2013,41.1,,
ESTAT:EDAT_LFSE_03(1.0),12/06/25 23:00:00,Annual,Total,From 25 to 34 years,Percentage,Tertiary education (levels 5-8),Spain,2014,41.5,b,
ESTAT:EDAT_LFSE_03(1.0),12/06/25 23:00:00,Annual,Total,From 25 to 34 years,Percentage,Tertiary education (levels 5-8),Spain,2015,41.0,,
ESTAT:EDAT_LFSE_03(1.0),12/06/25 23:00:00,Annual,Total,From 25 to 34 years,Percentage,Tertiary education (levels 5-8),Spain,2016,41.0,,
ESTAT:EDAT_LFSE_03(1.0),12/06/25 23:00:00,Annual,Total,From 25 to 34 years,Percentage,Tertiary education (levels 5-8),Spain,2017,42.6,,
ESTAT:EDAT_LFSE_03(1.0),12/06/25 23:00:00,Annual,Total,From 25 to 34 years,Percentage,Tertiary education (levels 5-8),Spain,2018,44.3,,
ESTAT:EDAT_LFSE_03(1.0),12/06/25 23:00:00,Annual,Total,From 25 to 34 years,Percentage,Tertiary education (levels 5-8),Spain,2019,46.5,,
ESTAT:EDAT_LFSE_03(1.0),12/06/25 23:00:00,Annual,Total,From 25 to 34 years,Percentage,Tertiary education (levels 5-8),Spain,2020,47.4,,
ESTAT:EDAT_LFSE_03(1.0),12/06/25 23:00:00,Annual,Total,From 25 to 34 years,Percentage,Tertiary education (levels 5-8),Spain,2021,48.5,b,
ESTAT:EDAT_LFSE_03(1.0),12/06/25 23:00:00,Annual,Total,From 25 to 34 years,Percentage,Tertiary education (levels 5-8),Spain,2022,50.2,,
ESTAT:EDAT_LFSE_03(1.0),12/06/25 23:00:00,Annual,Total,From 25 to 34 years,Percentage,Tertiary education (levels 5-8),Spain,2023,52.0,,
ESTAT:EDAT_LFSE_03(1.0),12/06/25 23:00:00,Annual,Total,From 25 to 34 years,Percentage,Tertiary education (levels 5-8),Spain,2024,52.6,,
ESTAT:EDAT_LFSE_03(1.0),12/06/25 23:00:00,Annual,Total,From 25 to 34 years,Percentage,Tertiary education (levels 5-8),European Union - 27 countries (from 2020),2013,35.2,,
ESTAT:EDAT_LFSE_03(1.0),12/06/25 23:00:00,Annual,Total,From 25 to 34 years,Percentage,Tertiary education (levels 5-8),European Union - 27 countries (from 2020),2014,35.9,b,
ESTAT:EDAT_LFSE_03(1.0),12/06/25 23:00:00,Annual,Total,From 25 to 34 years,Percentage,Tertiary education (levels 5-8),European Union - 27 countries (from 2020),2015,36.5,,
ESTAT:EDAT_LFSE_03(1.0),12/06/25 23:00:00,Annual,Total,From 25 to 34 years,Percentage,Tertiary education (levels 5-8),European Union - 27 countries (from 2020),2016,36.8,,
ESTAT:EDAT_LFSE_03(1.0),12/06/25 23:00:00,Annual,Total,From 25 to 34 years,Percentage,Tertiary education (levels 5-8),European Union - 27 countries (from 2020),2017,37.6,,
ESTAT:EDAT_LFSE_03(1.0),12/06/25 23:00:00,Annual,Total,From 25 to 34 years,Percentage,Tertiary education (levels 5-8),European Union - 27 countries (from 2020),2018,38.7,,
ESTAT:EDAT_LFSE_03(1.0),12/06/25 23:00:00,Annual,Total,From 25 to 34 years,Percentage,Tertiary education (levels 5-8),European Union - 27 countries (from 2020),2019,39.6,,
ESTAT:EDAT_LFSE_03(1.0),12/06/25 23:00:00,Annual,Total,From 25 to 34 years,Percentage,Tertiary education (levels 5-8),European Union - 27 countries (from 2020),2020,40.7,,
ESTAT:EDAT_LFSE_03(1.0),12/06/25 23:00:00,Annual,Total,From 25 to 34 years,Percentage,Tertiary education (levels 5-8),European Union - 27 countries (from 2020),2021,41.5,b,
ESTAT:EDAT_LFSE_03(1.0),12/06/25 23:00:00,Annual,Total,From 25 to 34 years,Percentage,Tertiary education (levels 5-8),European Union - 27 countries (from 2020),2022,42.0,,
ESTAT:EDAT_LFSE_03(1.0),12/06/25 23:00:00,Annual,Total,From 25 to 34 years,Percentage,Tertiary education (levels 5-8),European Union - 27 countries (from 2020),2023,43.1,,
ESTAT:EDAT_LFSE_03(1.0),12/06/25 23:00:00,Annual,Total,From 25 to 34 years,Percentage,Tertiary education (levels 5-8),European Union - 27 countries (from 2020),2024,44.1,,
ESTAT:EDAT_LFSE_03(1.0),12/06/25 23:00:00,Annual,Total,From 25 to 34 years,Percentage,Tertiary education (levels 5-8),Finland,2013,40.0,,
ESTAT:EDAT_LFSE_03(1.0),12/06/25 23:00:00,Annual,Total,From 25 to 34 years,Percentage,Tertiary education (levels 5-8),Finland,2014,40.3,b,
ESTAT:EDAT_LFSE_03(1.0),12/06/25 23:00:00,Annual,Total,From 25 to 34 years,Percentage,Tertiary education (levels 5-8),Finland,2015,40.2,,
ESTAT:EDAT_LFSE_03(1.0),12/06/25 23:00:00,Annual,Total,From 25 to 34 years,Percentage,Tertiary education (levels 5-8),Finland,2016,40.7,,
ESTAT:EDAT_LFSE_03(1.0),12/06/25 23:00:00,Annual,Total,From 25 to 34 years,Percentage,Tertiary education (levels 5-8),Finland,2017,40.3,,
ESTAT:EDAT_LFSE_03(1.0),12/06/25 23:00:00,Annual,Total,From 25 to 34 years,Percentage,Tertiary education (levels 5-8),Finland,2018,40.3,,
ESTAT:EDAT_LFSE_03(1.0),12/06/25 23:00:00,Annual,Total,From 25 to 34 years,Percentage,Tertiary education (levels 5-8),Finland,2019,42.0,,
ESTAT:EDAT_LFSE_03(1.0),12/06/25 23:00:00,Annual,Total,From 25 to 34 years,Percentage,Tertiary education (levels 5-8),Finland,2020,43.8,,
ESTAT:EDAT_LFSE_03(1.0),12/06/25 23:00:00,Annual,Total,From 25 to 34 years,Percentage,Tertiary education (levels 5-8),Finland,2021,40.1,b,
ESTAT:EDAT_LFSE_03(1.0),12/06/25 23:00:00,Annual,Total,From 25 to 34 years,Percentage,Tertiary education (levels 5-8),Finland,2022,40.7,,
ESTAT:EDAT_LFSE_03(1.0),12/06/25 23:00:00,Annual,Total,From 25 to 34 years,Percentage,Tertiary education (levels 5-8),Finland,2023,39.2,,
ESTAT:EDAT_LFSE_03(1.0),12/06/25 23:00:00,Annual,Total,From 25 to 34 years,Percentage,Tertiary education (levels 5-8),Finland,2024,39.1,,
ESTAT:EDAT_LFSE_03(1.0),12/06/25 23:00:00,Annual,Total,From 25 to 34 years,Percentage,Tertiary education (levels 5-8),France,2013,43.9,b,
ESTAT:EDAT_LFSE_03(1.0),12/06/25 23:00:00,Annual,Total,From 25 to 34 years,Percentage,Tertiary education (levels 5-8),France,2014,44.3,b,
ESTAT:EDAT_LFSE_03(1.0),12/06/25 23:00:00,Annual,Total,From 25 to 34 years,Percentage,Tertiary education (levels 5-8),France,2015,44.8,,
ESTAT:EDAT_LFSE_03(1.0),12/06/25 23:00:00,Annual,Total,From 25 to 34 years,Percentage,Tertiary education (levels 5-8),France,2016,44.2,,
ESTAT:EDAT_LFSE_03(1.0),12/06/25 23:00:00,Annual,Total,From 25 to 34 years,Percentage,Tertiary education (levels 5-8),France,2017,44.5,,
ESTAT:EDAT_LFSE_03(1.0),12/06/25 23:00:00,Annual,Total,From 25 to 34 years,Percentage,Tertiary education (levels 5-8),France,2018,47.0,,
ESTAT:EDAT_LFSE_03(1.0),12/06/25 23:00:00,Annual,Total,From 25 to 34 years,Percentage,Tertiary education (levels 5-8),France,2019,48.2,,
ESTAT:EDAT_LFSE_03(1.0),12/06/25 23:00:00,Annual,Total,From 25 to 34 years,Percentage,Tertiary education (levels 5-8),France,2020,49.4,,
ESTAT:EDAT_LFSE_03(1.0),12/06/25 23:00:00,Annual,Total,From 25 to 34 years,Percentage,Tertiary education (levels 5-8),France,2021,50.3,b,
ESTAT:EDAT_LFSE_03(1.0),12/06/25 23:00:00,Annual,Total,From 25 to 34 years,Percentage,Tertiary education (levels 5-8),France,2022,50.4,,
ESTAT:EDAT_LFSE_03(1.0),12/06/25 23:00:00,Annual,Total,From 25 to 34 years,Percentage,Tertiary education (levels 5-8),France,2023,51.9,,
ESTAT:EDAT_LFSE_03(1.0),12/06/25 23:00:00,Annual,Total,From 25 to 34 years,Percentage,Tertiary education (levels 5-8),France,2024,53.4,,
ESTAT:EDAT_LFSE_03(1.0),12/06/25 23:00:00,Annual,Total,From 25 to 34 years,Percentage,Tertiary education (levels 5-8),Croatia,2013,28.9,,
ESTAT:EDAT_LFSE_03(1.0),12/06/25 23:00:00,Annual,Total,From 25 to 34 years,Percentage,Tertiary education (levels 5-8),Croatia,2014,32.3,b,
ESTAT:EDAT_LFSE_03(1.0),12/06/25 23:00:00,Annual,Total,From 25 to 34 years,Percentage,Tertiary education (levels 5-8),Croatia,2015,30.8,,
ESTAT:EDAT_LFSE_03(1.0),12/06/25 23:00:00,Annual,Total,From 25 to 34 years,Percentage,Tertiary education (levels 5-8),Croatia,2016,32.8,,
ESTAT:EDAT_LFSE_03(1.0),12/06/25 23:00:00,Annual,Total,From 25 to 34 years,Percentage,Tertiary education (levels 5-8),Croatia,2017,32.7,,
ESTAT:EDAT_LFSE_03(1.0),12/06/25 23:00:00,Annual,Total,From 25 to 34 years,Percentage,Tertiary education (levels 5-8),Croatia,2018,35.3,,
ESTAT:EDAT_LFSE_03(1.0),12/06/25 23:00:00,Annual,Total,From 25 to 34 years,Percentage,Tertiary education (levels 5-8),Croatia,2019,35.4,,
ESTAT:EDAT_LFSE_03(1.0),12/06/25 23:00:00,Annual,Total,From 25 to 34 years,Percentage,Tertiary education (levels 5-8),Croatia,2020,37.0,,
ESTAT:EDAT_LFSE_03(1.0),12/06/25 23:00:00,Annual,Total,From 25 to 34 years,Percentage,Tertiary education (levels 5-8),Croatia,2021,36.2,b,
ESTAT:EDAT_LFSE_03(1.0),12/06/25 23:00:00,Annual,Total,From 25 to 34 years,Percentage,Tertiary education (levels 5-8),Croatia,2022,36.0,,
ESTAT:EDAT_LFSE_03(1.0),12/06/25 23:00:00,Annual,Total,From 25 to 34 years,Percentage,Tertiary education (levels 5-8),Croatia,2023,38.8,,
ESTAT:EDAT_LFSE_03(1.0),12/06/25 23:00:00,Annual,Total,From 25 to 34 years,Percentage,Tertiary education (levels 5-8),Croatia,2024,39.4,,
ESTAT:EDAT_LFSE_03(1.0),12/06/25 23:00:00,Annual,Total,From 25 to 34 years,Percentage,Tertiary education (levels 5-8),Hungary,2013,31.2,,
ESTAT:EDAT_LFSE_03(1.0),12/06/25 23:00:00,Annual,Total,From 25 to 34 years,Percentage,Tertiary education (levels 5-8),Hungary,2014,32.1,b,
ESTAT:EDAT_LFSE_03(1.0),12/06/25 23:00:00,Annual,Total,From 25 to 34 years,Percentage,Tertiary education (levels 5-8),Hungary,2015,32.1,,
ESTAT:EDAT_LFSE_03(1.0),12/06/25 23:00:00,Annual,Total,From 25 to 34 years,Percentage,Tertiary education (levels 5-8),Hungary,2016,30.4,,
ESTAT:EDAT_LFSE_03(1.0),12/06/25 23:00:00,Annual,Total,From 25 to 34 years,Percentage,Tertiary education (levels 5-8),Hungary,2017,30.2,,
ESTAT:EDAT_LFSE_03(1.0),12/06/25 23:00:00,Annual,Total,From 25 to 34 years,Percentage,Tertiary education (levels 5-8),Hungary,2018,30.9,b,
ESTAT:EDAT_LFSE_03(1.0),12/06/25 23:00:00,Annual,Total,From 25 to 34 years,Percentage,Tertiary education (levels 5-8),Hungary,2019,30.9,,
ESTAT:EDAT_LFSE_03(1.0),12/06/25 23:00:00,Annual,Total,From 25 to 34 years,Percentage,Tertiary education (levels 5-8),Hungary,2020,31.0,,
ESTAT:EDAT_LFSE_03(1.0),12/06/25 23:00:00,Annual,Total,From 25 to 34 years,Percentage,Tertiary education (levels 5-8),Hungary,2021,33.4,b,
ESTAT:EDAT_LFSE_03(1.0),12/06/25 23:00:00,Annual,Total,From 25 to 34 years,Percentage,Tertiary education (levels 5-8),Hungary,2022,32.5,,
ESTAT:EDAT_LFSE_03(1.0),12/06/25 23:00:00,Annual,Total,From 25 to 34 years,Percentage,Tertiary education (levels 5-8),Hungary,2023,30.1,,
ESTAT:EDAT_LFSE_03(1.0),12/06/25 23:00:00,Annual,Total,From 25 to 34 years,Percentage,Tertiary education (levels 5-8),Hungary,2024,32.3,,
ESTAT:EDAT_LFSE_03(1.0),12/06/25 23:00:00,Annual,Total,From 25 to 34 years,Percentage,Tertiary education (levels 5-8),Ireland,2013,52.1,,
ESTAT:EDAT_LFSE_03(1.0),12/06/25 23:00:00,Annual,Total,From 25 to 34 years,Percentage,Tertiary education (levels 5-8),Ireland,2014,53.4,b,
ESTAT:EDAT_LFSE_03(1.0),12/06/25 23:00:00,Annual,Total,From 25 to 34 years,Percentage,Tertiary education (levels 5-8),Ireland,2015,54.0,,
ESTAT:EDAT_LFSE_03(1.0),12/06/25 23:00:00,Annual,Total,From 25 to 34 years,Percentage,Tertiary education (levels 5-8),Ireland,2016,54.3,,
ESTAT:EDAT_LFSE_03(1.0),12/06/25 23:00:00,Annual,Total,From 25 to 34 years,Percentage,Tertiary education (levels 5-8),Ireland,2017,54.7,b,
ESTAT:EDAT_LFSE_03(1.0),12/06/25 23:00:00,Annual,Total,From 25 to 34 years,Percentage,Tertiary education (levels 5-8),Ireland,2018,56.2,,
ESTAT:EDAT_LFSE_03(1.0),12/06/25 23:00:00,Annual,Total,From 25 to 34 years,Percentage,Tertiary education (levels 5-8),Ireland,2019,55.4,,
ESTAT:EDAT_LFSE_03(1.0),12/06/25 23:00:00,Annual,Total,From 25 to 34 years,Percentage,Tertiary education (levels 5-8),Ireland,2020,58.4,,
ESTAT:EDAT_LFSE_03(1.0),12/06/25 23:00:00,Annual,Total,From 25 to 34 years,Percentage,Tertiary education (levels 5-8),Ireland,2021,62.2,b,
ESTAT:EDAT_LFSE_03(1.0),12/06/25 23:00:00,Annual,Total,From 25 to 34 years,Percentage,Tertiary education (levels 5-8),Ireland,2022,63.0,,
ESTAT:EDAT_LFSE_03(1.0),12/06/25 23:00:00,Annual,Total,From 25 to 34 years,Percentage,Tertiary education (levels 5-8),Ireland,2023,62.7,,
ESTAT:EDAT_LFSE_03(1.0),12/06/25 23:00:00,Annual,Total,From 25 to 34 years,Percentage,Tertiary education (levels 5-8),Ireland,2024,65.2,,
ESTAT:EDAT_LFSE_03(1.0),12/06/25 23:00:00,Annual,Total,From 25 to 34 years,Percentage,Tertiary education (levels 5-8),Iceland,2013,40.0,,
ESTAT:EDAT_LFSE_03(1.0),12/06/25 23:00:00,Annual,Total,From 25 to 34 years,Percentage,Tertiary education (levels 5-8),Iceland,2014,40.8,b,
ESTAT:EDAT_LFSE_03(1.0),12/06/25 23:00:00,Annual,Total,From 25 to 34 years,Percentage,Tertiary education (levels 5-8),Iceland,2015,40.2,,
ESTAT:EDAT_LFSE_03(1.0),12/06/25 23:00:00,Annual,Total,From 25 to 34 years,Percentage,Tertiary education (levels 5-8),Iceland,2016,43.4,,
ESTAT:EDAT_LFSE_03(1.0),12/06/25 23:00:00,Annual,Total,From 25 to 34 years,Percentage,Tertiary education (levels 5-8),Iceland,2017,47.6,,
ESTAT:EDAT_LFSE_03(1.0),12/06/25 23:00:00,Annual,Total,From 25 to 34 years,Percentage,Tertiary education (levels 5-8),Iceland,2018,47.1,,
ESTAT:EDAT_LFSE_03(1.0),12/06/25 23:00:00,Annual,Total,From 25 to 34 years,Percentage,Tertiary education (levels 5-8),Iceland,2019,47.2,,
ESTAT:EDAT_LFSE_03(1.0),12/06/25 23:00:00,Annual,Total,From 25 to 34 years,Percentage,Tertiary education (levels 5-8),Iceland,2020,41.7,b,
ESTAT:EDAT_LFSE_03(1.0),12/06/25 23:00:00,Annual,Total,From 25 to 34 years,Percentage,Tertiary education (levels 5-8),Iceland,2021,41.5,b,
ESTAT:EDAT_LFSE_03(1.0),12/06/25 23:00:00,Annual,Total,From 25 to 34 years,Percentage,Tertiary education (levels 5-8),Iceland,2022,40.2,,
ESTAT:EDAT_LFSE_03(1.0),12/06/25 23:00:00,Annual,Total,From 25 to 34 years,Percentage,Tertiary education (levels 5-8),Iceland,2023,43.4,,
ESTAT:EDAT_LFSE_03(1.0),12/06/25 23:00:00,Annual,Total,From 25 to 34 years,Percentage,Tertiary education (levels 5-8),Iceland,2024,46.8,,
ESTAT:EDAT_LFSE_03(1.0),12/06/25 23:00:00,Annual,Total,From 25 to 34 years,Percentage,Tertiary education (levels 5-8),Italy,2013,22.9,,
ESTAT:EDAT_LFSE_03(1.0),12/06/25 23:00:00,Annual,Total,From 25 to 34 years,Percentage,Tertiary education (levels 5-8),Italy,2014,24.2,b,
ESTAT:EDAT_LFSE_03(1.0),12/06/25 23:00:00,Annual,Total,From 25 to 34 years,Percentage,Tertiary education (levels 5-8),Italy,2015,25.2,,
ESTAT:EDAT_LFSE_03(1.0),12/06/25 23:00:00,Annual,Total,From 25 to 34 years,Percentage,Tertiary education (levels 5-8),Italy,2016,25.6,,
ESTAT:EDAT_LFSE_03(1.0),12/06/25 23:00:00,Annual,Total,From 25 to 34 years,Percentage,Tertiary education (levels 5-8),Italy,2017,26.9,,
ESTAT:EDAT_LFSE_03(1.0),12/06/25 23:00:00,Annual,Total,From 25 to 34 years,Percentage,Tertiary education (levels 5-8),Italy,2018,27.9,b,
ESTAT:EDAT_LFSE_03(1.0),12/06/25 23:00:00,Annual,Total,From 25 to 34 years,Percentage,Tertiary education (levels 5-8),Italy,2019,27.9,,
ESTAT:EDAT_LFSE_03(1.0),12/06/25 23:00:00,Annual,Total,From 25 to 34 years,Percentage,Tertiary education (levels 5-8),Italy,2020,28.6,,
ESTAT:EDAT_LFSE_03(1.0),12/06/25 23:00:00,Annual,Total,From 25 to 34 years,Percentage,Tertiary education (levels 5-8),Italy,2021,28.3,b,
ESTAT:EDAT_LFSE_03(1.0),12/06/25 23:00:00,Annual,Total,From 25 to 34 years,Percentage,Tertiary education (levels 5-8),Italy,2022,29.2,,
ESTAT:EDAT_LFSE_03(1.0),12/06/25 23:00:00,Annual,Total,From 25 to 34 years,Percentage,Tertiary education (levels 5-8),Italy,2023,30.6,,
ESTAT:EDAT_LFSE_03(1.0),12/06/25 23:00:00,Annual,Total,From 25 to 34 years,Percentage,Tertiary education (levels 5-8),Italy,2024,31.6,,
ESTAT:EDAT_LFSE_03(1.0),12/06/25 23:00:00,Annual,Total,From 25 to 34 years,Percentage,Tertiary education (levels 5-8),Lithuania,2013,50.5,,
ESTAT:EDAT_LFSE_03(1.0),12/06/25 23:00:00,Annual,Total,From 25 to 34 years,Percentage,Tertiary education (levels 5-8),Lithuania,2014,52.6,b,
ESTAT:EDAT_LFSE_03(1.0),12/06/25 23:00:00,Annual,Total,From 25 to 34 years,Percentage,Tertiary education (levels 5-8),Lithuania,2015,54.8,,
ESTAT:EDAT_LFSE_03(1.0),12/06/25 23:00:00,Annual,Total,From 25 to 34 years,Percentage,Tertiary education (levels 5-8),Lithuania,2016,54.9,,
ESTAT:EDAT_LFSE_03(1.0),12/06/25 23:00:00,Annual,Total,From 25 to 34 years,Percentage,Tertiary education (levels 5-8),Lithuania,2017,55.6,,
ESTAT:EDAT_LFSE_03(1.0),12/06/25 23:00:00,Annual,Total,From 25 to 34 years,Percentage,Tertiary education (levels 5-8),Lithuania,2018,55.6,,
ESTAT:EDAT_LFSE_03(1.0),12/06/25 23:00:00,Annual,Total,From 25 to 34 years,Percentage,Tertiary education (levels 5-8),Lithuania,2019,55.2,,
ESTAT:EDAT_LFSE_03(1.0),12/06/25 23:00:00,Annual,Total,From 25 to 34 years,Percentage,Tertiary education (levels 5-8),Lithuania,2020,56.2,,
ESTAT:EDAT_LFSE_03(1.0),12/06/25 23:00:00,Annual,Total,From 25 to 34 years,Percentage,Tertiary education (levels 5-8),Lithuania,2021,57.5,b,
ESTAT:EDAT_LFSE_03(1.0),12/06/25 23:00:00,Annual,Total,From 25 to 34 years,Percentage,Tertiary education (levels 5-8),Lithuania,2022,58.2,,
ESTAT:EDAT_LFSE_03(1.0),12/06/25 23:00:00,Annual,Total,From 25 to 34 years,Percentage,Tertiary education (levels 5-8),Lithuania,2023,57.4,,
ESTAT:EDAT_LFSE_03(1.0),12/06/25 23:00:00,Annual,Total,From 25 to 34 years,Percentage,Tertiary education (levels 5-8),Lithuania,2024,58.2,,
ESTAT:EDAT_LFSE_03(1.0),12/06/25 23:00:00,Annual,Total,From 25 to 34 years,Percentage,Tertiary education (levels 5-8),Luxembourg,2013,48.1,,
ESTAT:EDAT_LFSE_03(1.0),12/06/25 23:00:00,Annual,Total,From 25 to 34 years,Percentage,Tertiary education (levels 5-8),Luxembourg,2014,52.9,b,
ESTAT:EDAT_LFSE_03(1.0),12/06/25 23:00:00,Annual,Total,From 25 to 34 years,Percentage,Tertiary education (levels 5-8),Luxembourg,2015,50.3,b,
ESTAT:EDAT_LFSE_03(1.0),12/06/25 23:00:00,Annual,Total,From 25 to 34 years,Percentage,Tertiary education (levels 5-8),Luxembourg,2016,51.5,,
ESTAT:EDAT_LFSE_03(1.0),12/06/25 23:00:00,Annual,Total,From 25 to 34 years,Percentage,Tertiary education (levels 5-8),Luxembourg,2017,51.3,u,
ESTAT:EDAT_LFSE_03(1.0),12/06/25 23:00:00,Annual,Total,From 25 to 34 years,Percentage,Tertiary education (levels 5-8),Luxembourg,2018,53.7,,
ESTAT:EDAT_LFSE_03(1.0),12/06/25 23:00:00,Annual,Total,From 25 to 34 years,Percentage,Tertiary education (levels 5-8),Luxembourg,2019,56.1,,
ESTAT:EDAT_LFSE_03(1.0),12/06/25 23:00:00,Annual,Total,From 25 to 34 years,Percentage,Tertiary education (levels 5-8),Luxembourg,2020,60.6,,
ESTAT:EDAT_LFSE_03(1.0),12/06/25 23:00:00,Annual,Total,From 25 to 34 years,Percentage,Tertiary education (levels 5-8),Luxembourg,2021,62.6,b,
ESTAT:EDAT_LFSE_03(1.0),12/06/25 23:00:00,Annual,Total,From 25 to 34 years,Percentage,Tertiary education (levels 5-8),Luxembourg,2022,61.0,,
ESTAT:EDAT_LFSE_03(1.0),12/06/25 23:00:00,Annual,Total,From 25 to 34 years,Percentage,Tertiary education (levels 5-8),Luxembourg,2023,60.2,,
ESTAT:EDAT_LFSE_03(1.0),12/06/25 23:00:00,Annual,Total,From 25 to 34 years,Percentage,Tertiary education (levels 5-8),Luxembourg,2024,63.8,,
ESTAT:EDAT_LFSE_03(1.0),12/06/25 23:00:00,Annual,Total,From 25 to 34 years,Percentage,Tertiary education (levels 5-8),Latvia,2013,40.7,,
ESTAT:EDAT_LFSE_03(1.0),12/06/25 23:00:00,Annual,Total,From 25 to 34 years,Percentage,Tertiary education (levels 5-8),Latvia,2014,39.4,b,
ESTAT:EDAT_LFSE_03(1.0),12/06/25 23:00:00,Annual,Total,From 25 to 34 years,Percentage,Tertiary education (levels 5-8),Latvia,2015,39.9,,
ESTAT:EDAT_LFSE_03(1.0),12/06/25 23:00:00,Annual,Total,From 25 to 34 years,Percentage,Tertiary education (levels 5-8),Latvia,2016,42.1,,
ESTAT:EDAT_LFSE_03(1.0),12/06/25 23:00:00,Annual,Total,From 25 to 34 years,Percentage,Tertiary education (levels 5-8),Latvia,2017,41.6,,
ESTAT:EDAT_LFSE_03(1.0),12/06/25 23:00:00,Annual,Total,From 25 to 34 years,Percentage,Tertiary education (levels 5-8),Latvia,2018,41.6,,
ESTAT:EDAT_LFSE_03(1.0),12/06/25 23:00:00,Annual,Total,From 25 to 34 years,Percentage,Tertiary education (levels 5-8),Latvia,2019,43.8,,
ESTAT:EDAT_LFSE_03(1.0),12/06/25 23:00:00,Annual,Total,From 25 to 34 years,Percentage,Tertiary education (levels 5-8),Latvia,2020,44.2,,
ESTAT:EDAT_LFSE_03(1.0),12/06/25 23:00:00,Annual,Total,From 25 to 34 years,Percentage,Tertiary education (levels 5-8),Latvia,2021,45.5,b,
ESTAT:EDAT_LFSE_03(1.0),12/06/25 23:00:00,Annual,Total,From 25 to 34 years,Percentage,Tertiary education (levels 5-8),Latvia,2022,45.9,,
ESTAT:EDAT_LFSE_03(1.0),12/06/25 23:00:00,Annual,Total,From 25 to 34 years,Percentage,Tertiary education (levels 5-8),Latvia,2023,45.1,,
ESTAT:EDAT_LFSE_03(1.0),12/06/25 23:00:00,Annual,Total,From 25 to 34 years,Percentage,Tertiary education (levels 5-8),Latvia,2024,45.0,,
ESTAT:EDAT_LFSE_03(1.0),12/06/25 23:00:00,Annual,Total,From 25 to 34 years,Percentage,Tertiary education (levels 5-8),Montenegro,2013,31.5,,
ESTAT:EDAT_LFSE_03(1.0),12/06/25 23:00:00,Annual,Total,From 25 to 34 years,Percentage,Tertiary education (levels 5-8),Montenegro,2014,32.6,b,
ESTAT:EDAT_LFSE_03(1.0),12/06/25 23:00:00,Annual,Total,From 25 to 34 years,Percentage,Tertiary education (levels 5-8),Montenegro,2015,31.9,,
ESTAT:EDAT_LFSE_03(1.0),12/06/25 23:00:00,Annual,Total,From 25 to 34 years,Percentage,Tertiary education (levels 5-8),Montenegro,2016,34.3,,
ESTAT:EDAT_LFSE_03(1.0),12/06/25 23:00:00,Annual,Total,From 25 to 34 years,Percentage,Tertiary education (levels 5-8),Montenegro,2017,35.5,,
ESTAT:EDAT_LFSE_03(1.0),12/06/25 23:00:00,Annual,Total,From 25 to 34 years,Percentage,Tertiary education (levels 5-8),Montenegro,2018,34.2,,
ESTAT:EDAT_LFSE_03(1.0),12/06/25 23:00:00,Annual,Total,From 25 to 34 years,Percentage,Tertiary education (levels 5-8),Montenegro,2019,39.3,,
ESTAT:EDAT_LFSE_03(1.0),12/06/25 23:00:00,Annual,Total,From 25 to 34 years,Percentage,Tertiary education (levels 5-8),Montenegro,2020,40.4,,
ESTAT:EDAT_LFSE_03(1.0),12/06/25 23:00:00,Annual,Total,From 25 to 34 years,Percentage,Tertiary education (levels 5-8),North Macedonia,2013,26.3,,
ESTAT:EDAT_LFSE_03(1.0),12/06/25 23:00:00,Annual,Total,From 25 to 34 years,Percentage,Tertiary education (levels 5-8),North Macedonia,2014,28.1,b,
ESTAT:EDAT_LFSE_03(1.0),12/06/25 23:00:00,Annual,Total,From 25 to 34 years,Percentage,Tertiary education (levels 5-8),North Macedonia,2015,30.6,,
ESTAT:EDAT_LFSE_03(1.0),12/06/25 23:00:00,Annual,Total,From 25 to 34 years,Percentage,Tertiary education (levels 5-8),North Macedonia,2016,32.2,,
ESTAT:EDAT_LFSE_03(1.0),12/06/25 23:00:00,Annual,Total,From 25 to 34 years,Percentage,Tertiary education (levels 5-8),North Macedonia,2017,33.0,,
ESTAT:EDAT_LFSE_03(1.0),12/06/25 23:00:00,Annual,Total,From 25 to 34 years,Percentage,Tertiary education (levels 5-8),North Macedonia,2018,33.6,,
ESTAT:EDAT_LFSE_03(1.0),12/06/25 23:00:00,Annual,Total,From 25 to 34 years,Percentage,Tertiary education (levels 5-8),North Macedonia,2019,35.8,,
ESTAT:EDAT_LFSE_03(1.0),12/06/25 23:00:00,Annual,Total,From 25 to 34 years,Percentage,Tertiary education (levels 5-8),North Macedonia,2020,37.7,,
ESTAT:EDAT_LFSE_03(1.0),12/06/25 23:00:00,Annual,Total,From 25 to 34 years,Percentage,Tertiary education (levels 5-8),Malta,2013,31.1,,
ESTAT:EDAT_LFSE_03(1.0),12/06/25 23:00:00,Annual,Total,From 25 to 34 years,Percentage,Tertiary education (levels 5-8),Malta,2014,31.3,b,
ESTAT:EDAT_LFSE_03(1.0),12/06/25 23:00:00,Annual,Total,From 25 to 34 years,Percentage,Tertiary education (levels 5-8),Malta,2015,31.9,,
ESTAT:EDAT_LFSE_03(1.0),12/06/25 23:00:00,Annual,Total,From 25 to 34 years,Percentage,Tertiary education (levels 5-8),Malta,2016,34.3,,
ESTAT:EDAT_LFSE_03(1.0),12/06/25 23:00:00,Annual,Total,From 25 to 34 years,Percentage,Tertiary education (levels 5-8),Malta,2017,34.9,,
ESTAT:EDAT_LFSE_03(1.0),12/06/25 23:00:00,Annual,Total,From 25 to 34 years,Percentage,Tertiary education (levels 5-8),Malta,2018,40.2,,
ESTAT:EDAT_LFSE_03(1.0),12/06/25 23:00:00,Annual,Total,From 25 to 34 years,Percentage,Tertiary education (levels 5-8),Malta,2019,41.0,,
ESTAT:EDAT_LFSE_03(1.0),12/06/25 23:00:00,Annual,Total,From 25 to 34 years,Percentage,Tertiary education (levels 5-8),Malta,2020,40.2,,
ESTAT:EDAT_LFSE_03(1.0),12/06/25 23:00:00,Annual,Total,From 25 to 34 years,Percentage,Tertiary education (levels 5-8),Malta,2021,42.9,b,
ESTAT:EDAT_LFSE_03(1.0),12/06/25 23:00:00,Annual,Total,From 25 to 34 years,Percentage,Tertiary education (levels 5-8),Malta,2022,42.5,,
ESTAT:EDAT_LFSE_03(1.0),12/06/25 23:00:00,Annual,Total,From 25 to 34 years,Percentage,Tertiary education (levels 5-8),Malta,2023,46.2,,
ESTAT:EDAT_LFSE_03(1.0),12/06/25 23:00:00,Annual,Total,From 25 to 34 years,Percentage,Tertiary education (levels 5-8),Malta,2024,46.9,,
ESTAT:EDAT_LFSE_03(1.0),12/06/25 23:00:00,Annual,Total,From 25 to 34 years,Percentage,Tertiary education (levels 5-8),Netherlands,2013,43.0,b,
ESTAT:EDAT_LFSE_03(1.0),12/06/25 23:00:00,Annual,Total,From 25 to 34 years,Percentage,Tertiary education (levels 5-8),Netherlands,2014,44.3,b,
ESTAT:EDAT_LFSE_03(1.0),12/06/25 23:00:00,Annual,Total,From 25 to 34 years,Percentage,Tertiary education (levels 5-8),Netherlands,2015,45.1,,
ESTAT:EDAT_LFSE_03(1.0),12/06/25 23:00:00,Annual,Total,From 25 to 34 years,Percentage,Tertiary education (levels 5-8),Netherlands,2016,45.2,,
ESTAT:EDAT_LFSE_03(1.0),12/06/25 23:00:00,Annual,Total,From 25 to 34 years,Percentage,Tertiary education (levels 5-8),Netherlands,2017,46.6,,
ESTAT:EDAT_LFSE_03(1.0),12/06/25 23:00:00,Annual,Total,From 25 to 34 years,Percentage,Tertiary education (levels 5-8),Netherlands,2018,47.6,,
ESTAT:EDAT_LFSE_03(1.0),12/06/25 23:00:00,Annual,Total,From 25 to 34 years,Percentage,Tertiary education (levels 5-8),Netherlands,2019,49.1,b,
ESTAT:EDAT_LFSE_03(1.0),12/06/25 23:00:00,Annual,Total,From 25 to 34 years,Percentage,Tertiary education (levels 5-8),Netherlands,2020,52.3,,
ESTAT:EDAT_LFSE_03(1.0),12/06/25 23:00:00,Annual,Total,From 25 to 34 years,Percentage,Tertiary education (levels 5-8),Netherlands,2021,55.6,b,
ESTAT:EDAT_LFSE_03(1.0),12/06/25 23:00:00,Annual,Total,From 25 to 34 years,Percentage,Tertiary education (levels 5-8),Netherlands,2022,56.4,,
ESTAT:EDAT_LFSE_03(1.0),12/06/25 23:00:00,Annual,Total,From 25 to 34 years,Percentage,Tertiary education (levels 5-8),Netherlands,2023,54.5,,
ESTAT:EDAT_LFSE_03(1.0),12/06/25 23:00:00,Annual,Total,From 25 to 34 years,Percentage,Tertiary education (levels 5-8),Netherlands,2024,55.1,,
ESTAT:EDAT_LFSE_03(1.0),12/06/25 23:00:00,Annual,Total,From 25 to 34 years,Percentage,Tertiary education (levels 5-8),Norway,2013,46.7,,
ESTAT:EDAT_LFSE_03(1.0),12/06/25 23:00:00,Annual,Total,From 25 to 34 years,Percentage,Tertiary education (levels 5-8),Norway,2014,50.2,b,
ESTAT:EDAT_LFSE_03(1.0),12/06/25 23:00:00,Annual,Total,From 25 to 34 years,Percentage,Tertiary education (levels 5-8),Norway,2015,49.0,,
ESTAT:EDAT_LFSE_03(1.0),12/06/25 23:00:00,Annual,Total,From 25 to 34 years,Percentage,Tertiary education (levels 5-8),Norway,2016,49.2,,
ESTAT:EDAT_LFSE_03(1.0),12/06/25 23:00:00,Annual,Total,From 25 to 34 years,Percentage,Tertiary education (levels 5-8),Norway,2017,48.3,,
ESTAT:EDAT_LFSE_03(1.0),12/06/25 23:00:00,Annual,Total,From 25 to 34 years,Percentage,Tertiary education (levels 5-8),Norway,2018,48.5,,
ESTAT:EDAT_LFSE_03(1.0),12/06/25 23:00:00,Annual,Total,From 25 to 34 years,Percentage,Tertiary education (levels 5-8),Norway,2019,48.4,,
ESTAT:EDAT_LFSE_03(1.0),12/06/25 23:00:00,Annual,Total,From 25 to 34 years,Percentage,Tertiary education (levels 5-8),Norway,2020,50.9,,
ESTAT:EDAT_LFSE_03(1.0),12/06/25 23:00:00,Annual,Total,From 25 to 34 years,Percentage,Tertiary education (levels 5-8),Norway,2021,55.0,b,
ESTAT:EDAT_LFSE_03(1.0),12/06/25 23:00:00,Annual,Total,From 25 to 34 years,Percentage,Tertiary education (levels 5-8),Norway,2022,55.6,,
ESTAT:EDAT_LFSE_03(1.0),12/06/25 23:00:00,Annual,Total,From 25 to 34 years,Percentage,Tertiary education (levels 5-8),Norway,2023,56.6,,
ESTAT:EDAT_LFSE_03(1.0),12/06/25 23:00:00,Annual,Total,From 25 to 34 years,Percentage,Tertiary education (levels 5-8),Norway,2024,56.8,,
ESTAT:EDAT_LFSE_03(1.0),12/06/25 23:00:00,Annual,Total,From 25 to 34 years,Percentage,Tertiary education (levels 5-8),Poland,2013,41.8,,
ESTAT:EDAT_LFSE_03(1.0),12/06/25 23:00:00,Annual,Total,From 25 to 34 years,Percentage,Tertiary education (levels 5-8),Poland,2014,42.6,b,
ESTAT:EDAT_LFSE_03(1.0),12/06/25 23:00:00,Annual,Total,From 25 to 34 years,Percentage,Tertiary education (levels 5-8),Poland,2015,43.2,,
ESTAT:EDAT_LFSE_03(1.0),12/06/25 23:00:00,Annual,Total,From 25 to 34 years,Percentage,Tertiary education (levels 5-8),Poland,2016,43.5,,
ESTAT:EDAT_LFSE_03(1.0),12/06/25 23:00:00,Annual,Total,From 25 to 34 years,Percentage,Tertiary education (levels 5-8),Poland,2017,43.6,,
ESTAT:EDAT_LFSE_03(1.0),12/06/25 23:00:00,Annual,Total,From 25 to 34 years,Percentage,Tertiary education (levels 5-8),Poland,2018,43.5,,
ESTAT:EDAT_LFSE_03(1.0),12/06/25 23:00:00,Annual,Total,From 25 to 34 years,Percentage,Tertiary education (levels 5-8),Poland,2019,44.6,,
ESTAT:EDAT_LFSE_03(1.0),12/06/25 23:00:00,Annual,Total,From 25 to 34 years,Percentage,Tertiary education (levels 5-8),Poland,2020,43.7,,
ESTAT:EDAT_LFSE_03(1.0),12/06/25 23:00:00,Annual,Total,From 25 to 34 years,Percentage,Tertiary education (levels 5-8),Poland,2021,41.8,b,
ESTAT:EDAT_LFSE_03(1.0),12/06/25 23:00:00,Annual,Total,From 25 to 34 years,Percentage,Tertiary education (levels 5-8),Poland,2022,41.7,,
ESTAT:EDAT_LFSE_03(1.0),12/06/25 23:00:00,Annual,Total,From 25 to 34 years,Percentage,Tertiary education (levels 5-8),Poland,2023,46.3,,
ESTAT:EDAT_LFSE_03(1.0),12/06/25 23:00:00,Annual,Total,From 25 to 34 years,Percentage,Tertiary education (levels 5-8),Poland,2024,45.7,,
ESTAT:EDAT_LFSE_03(1.0),12/06/25 23:00:00,Annual,Total,From 25 to 34 years,Percentage,Tertiary education (levels 5-8),Portugal,2013,30.0,,
ESTAT:EDAT_LFSE_03(1.0),12/06/25 23:00:00,Annual,Total,From 25 to 34 years,Percentage,Tertiary education (levels 5-8),Portugal,2014,31.6,b,
ESTAT:EDAT_LFSE_03(1.0),12/06/25 23:00:00,Annual,Total,From 25 to 34 years,Percentage,Tertiary education (levels 5-8),Portugal,2015,33.2,,
ESTAT:EDAT_LFSE_03(1.0),12/06/25 23:00:00,Annual,Total,From 25 to 34 years,Percentage,Tertiary education (levels 5-8),Portugal,2016,34.9,,
ESTAT:EDAT_LFSE_03(1.0),12/06/25 23:00:00,Annual,Total,From 25 to 34 years,Percentage,Tertiary education (levels 5-8),Portugal,2017,34.2,,
ESTAT:EDAT_LFSE_03(1.0),12/06/25 23:00:00,Annual,Total,From 25 to 34 years,Percentage,Tertiary education (levels 5-8),Portugal,2018,35.2,,
ESTAT:EDAT_LFSE_03(1.0),12/06/25 23:00:00,Annual,Total,From 25 to 34 years,Percentage,Tertiary education (levels 5-8),Portugal,2019,38.0,,
ESTAT:EDAT_LFSE_03(1.0),12/06/25 23:00:00,Annual,Total,From 25 to 34 years,Percentage,Tertiary education (levels 5-8),Portugal,2020,41.7,,
ESTAT:EDAT_LFSE_03(1.0),12/06/25 23:00:00,Annual,Total,From 25 to 34 years,Percentage,Tertiary education (levels 5-8),Portugal,2021,45.9,b,
ESTAT:EDAT_LFSE_03(1.0),12/06/25 23:00:00,Annual,Total,From 25 to 34 years,Percentage,Tertiary education (levels 5-8),Portugal,2022,42.9,,
ESTAT:EDAT_LFSE_03(1.0),12/06/25 23:00:00,Annual,Total,From 25 to 34 years,Percentage,Tertiary education (levels 5-8),Portugal,2023,41.5,,
ESTAT:EDAT_LFSE_03(1.0),12/06/25 23:00:00,Annual,Total,From 25 to 34 years,Percentage,Tertiary education (levels 5-8),Portugal,2024,43.2,,
ESTAT:EDAT_LFSE_03(1.0),12/06/25 23:00:00,Annual,Total,From 25 to 34 years,Percentage,Tertiary education (levels 5-8),Romania,2013,24.4,,
ESTAT:EDAT_LFSE_03(1.0),12/06/25 23:00:00,Annual,Total,From 25 to 34 years,Percentage,Tertiary education (levels 5-8),Romania,2014,25.4,b,
ESTAT:EDAT_LFSE_03(1.0),12/06/25 23:00:00,Annual,Total,From 25 to 34 years,Percentage,Tertiary education (levels 5-8),Romania,2015,25.5,,
ESTAT:EDAT_LFSE_03(1.0),12/06/25 23:00:00,Annual,Total,From 25 to 34 years,Percentage,Tertiary education (levels 5-8),Romania,2016,24.8,,
ESTAT:EDAT_LFSE_03(1.0),12/06/25 23:00:00,Annual,Total,From 25 to 34 years,Percentage,Tertiary education (levels 5-8),Romania,2017,25.6,,
ESTAT:EDAT_LFSE_03(1.0),12/06/25 23:00:00,Annual,Total,From 25 to 34 years,Percentage,Tertiary education (levels 5-8),Romania,2018,24.9,,
ESTAT:EDAT_LFSE_03(1.0),12/06/25 23:00:00,Annual,Total,From 25 to 34 years,Percentage,Tertiary education (levels 5-8),Romania,2019,25.5,,
ESTAT:EDAT_LFSE_03(1.0),12/06/25 23:00:00,Annual,Total,From 25 to 34 years,Percentage,Tertiary education (levels 5-8),Romania,2020,24.9,,
ESTAT:EDAT_LFSE_03(1.0),12/06/25 23:00:00,Annual,Total,From 25 to 34 years,Percentage,Tertiary education (levels 5-8),Romania,2021,23.3,b,
ESTAT:EDAT_LFSE_03(1.0),12/06/25 23:00:00,Annual,Total,From 25 to 34 years,Percentage,Tertiary education (levels 5-8),Romania,2022,24.7,,
ESTAT:EDAT_LFSE_03(1.0),12/06/25 23:00:00,Annual,Total,From 25 to 34 years,Percentage,Tertiary education (levels 5-8),Romania,2023,22.5,,
ESTAT:EDAT_LFSE_03(1.0),12/06/25 23:00:00,Annual,Total,From 25 to 34 years,Percentage,Tertiary education (levels 5-8),Romania,2024,23.2,,
ESTAT:EDAT_LFSE_03(1.0),12/06/25 23:00:00,Annual,Total,From 25 to 34 years,Percentage,Tertiary education (levels 5-8),Serbia,2013,25.1,,
ESTAT:EDAT_LFSE_03(1.0),12/06/25 23:00:00,Annual,Total,From 25 to 34 years,Percentage,Tertiary education (levels 5-8),Serbia,2014,27.1,b,
ESTAT:EDAT_LFSE_03(1.0),12/06/25 23:00:00,Annual,Total,From 25 to 34 years,Percentage,Tertiary education (levels 5-8),Serbia,2015,29.8,,
ESTAT:EDAT_LFSE_03(1.0),12/06/25 23:00:00,Annual,Total,From 25 to 34 years,Percentage,Tertiary education (levels 5-8),Serbia,2016,31.4,,
ESTAT:EDAT_LFSE_03(1.0),12/06/25 23:00:00,Annual,Total,From 25 to 34 years,Percentage,Tertiary education (levels 5-8),Serbia,2017,32.2,,
ESTAT:EDAT_LFSE_03(1.0),12/06/25 23:00:00,Annual,Total,From 25 to 34 years,Percentage,Tertiary education (levels 5-8),Serbia,2018,32.8,,
ESTAT:EDAT_LFSE_03(1.0),12/06/25 23:00:00,Annual,Total,From 25 to 34 years,Percentage,Tertiary education (levels 5-8),Serbia,2019,33.4,,
ESTAT:EDAT_LFSE_03(1.0),12/06/25 23:00:00,Annual,Total,From 25 to 34 years,Percentage,Tertiary education (levels 5-8),Serbia,2020,32.6,,
ESTAT:EDAT_LFSE_03(1.0),12/06/25 23:00:00,Annual,Total,From 25 to 34 years,Percentage,Tertiary education (levels 5-8),Serbia,2021,34.4,b,
ESTAT:EDAT_LFSE_03(1.0),12/06/25 23:00:00,Annual,Total,From 25 to 34 years,Percentage,Tertiary education (levels 5-8),Serbia,2022,34.2,,
ESTAT:EDAT_LFSE_03(1.0),12/06/25 23:00:00,Annual,Total,From 25 to 34 years,Percentage,Tertiary education (levels 5-8),Serbia,2023,34.7,,
ESTAT:EDAT_LFSE_03(1.0),12/06/25 23:00:00,Annual,Total,From 25 to 34 years,Percentage,Tertiary education (levels 5-8),Serbia,2024,37.2,,
ESTAT:EDAT_LFSE_03(1.0),12/06/25 23:00:00,Annual,Total,From 25 to 34 years,Percentage,Tertiary education (levels 5-8),Sweden,2013,44.9,,
ESTAT:EDAT_LFSE_03(1.0),12/06/25 23:00:00,Annual,Total,From 25 to 34 years,Percentage,Tertiary education (levels 5-8),Sweden,2014,46.0,b,
ESTAT:EDAT_LFSE_03(1.0),12/06/25 23:00:00,Annual,Total,From 25 to 34 years,Percentage,Tertiary education (levels 5-8),Sweden,2015,46.5,,
ESTAT:EDAT_LFSE_03(1.0),12/06/25 23:00:00,Annual,Total,From 25 to 34 years,Percentage,Tertiary education (levels 5-8),Sweden,2016,47.3,,
ESTAT:EDAT_LFSE_03(1.0),12/06/25 23:00:00,Annual,Total,From 25 to 34 years,Percentage,Tertiary education (levels 5-8),Sweden,2017,47.4,,
ESTAT:EDAT_LFSE_03(1.0),12/06/25 23:00:00,Annual,Total,From 25 to 34 years,Percentage,Tertiary education (levels 5-8),Sweden,2018,47.6,b,
ESTAT:EDAT_LFSE_03(1.0),12/06/25 23:00:00,Annual,Total,From 25 to 34 years,Percentage,Tertiary education (levels 5-8),Sweden,2019,48.4,,
ESTAT:EDAT_LFSE_03(1.0),12/06/25 23:00:00,Annual,Total,From 25 to 34 years,Percentage,Tertiary education (levels 5-8),Sweden,2020,49.2,,
ESTAT:EDAT_LFSE_03(1.0),12/06/25 23:00:00,Annual,Total,From 25 to 34 years,Percentage,Tertiary education (levels 5-8),Sweden,2021,49.3,b,
ESTAT:EDAT_LFSE_03(1.0),12/06/25 23:00:00,Annual,Total,From 25 to 34 years,Percentage,Tertiary education (levels 5-8),Sweden,2022,52.4,,
ESTAT:EDAT_LFSE_03(1.0),12/06/25 23:00:00,Annual,Total,From 25 to 34 years,Percentage,Tertiary education (levels 5-8),Sweden,2023,54.1,,
ESTAT:EDAT_LFSE_03(1.0),12/06/25 23:00:00,Annual,Total,From 25 to 34 years,Percentage,Tertiary education (levels 5-8),Sweden,2024,54.4,,
ESTAT:EDAT_LFSE_03(1.0),12/06/25 23:00:00,Annual,Total,From 25 to 34 years,Percentage,Tertiary education (levels 5-8),Slovenia,2013,37.4,,
ESTAT:EDAT_LFSE_03(1.0),12/06/25 23:00:00,Annual,Total,From 25 to 34 years,Percentage,Tertiary education (levels 5-8),Slovenia,2014,38.0,b,
ESTAT:EDAT_LFSE_03(1.0),12/06/25 23:00:00,Annual,Total,From 25 to 34 years,Percentage,Tertiary education (levels 5-8),Slovenia,2015,40.8,,
ESTAT:EDAT_LFSE_03(1.0),12/06/25 23:00:00,Annual,Total,From 25 to 34 years,Percentage,Tertiary education (levels 5-8),Slovenia,2016,43.0,,
ESTAT:EDAT_LFSE_03(1.0),12/06/25 23:00:00,Annual,Total,From 25 to 34 years,Percentage,Tertiary education (levels 5-8),Slovenia,2017,44.5,,
ESTAT:EDAT_LFSE_03(1.0),12/06/25 23:00:00,Annual,Total,From 25 to 34 years,Percentage,Tertiary education (levels 5-8),Slovenia,2018,40.7,,
ESTAT:EDAT_LFSE_03(1.0),12/06/25 23:00:00,Annual,Total,From 25 to 34 years,Percentage,Tertiary education (levels 5-8),Slovenia,2019,44.1,,
ESTAT:EDAT_LFSE_03(1.0),12/06/25 23:00:00,Annual,Total,From 25 to 34 years,Percentage,Tertiary education (levels 5-8),Slovenia,2020,45.4,,
ESTAT:EDAT_LFSE_03(1.0),12/06/25 23:00:00,Annual,Total,From 25 to 34 years,Percentage,Tertiary education (levels 5-8),Slovenia,2021,47.9,b,
ESTAT:EDAT_LFSE_03(1.0),12/06/25 23:00:00,Annual,Total,From 25 to 34 years,Percentage,Tertiary education (levels 5-8),Slovenia,2022,47.3,,
ESTAT:EDAT_LFSE_03(1.0),12/06/25 23:00:00,Annual,Total,From 25 to 34 years,Percentage,Tertiary education (levels 5-8),Slovenia,2023,40.7,b,
ESTAT:EDAT_LFSE_03(1.0),12/06/25 23:00:00,Annual,Total,From 25 to 34 years,Percentage,Tertiary education (levels 5-8),Slovenia,2024,43.1,,
ESTAT:EDAT_LFSE_03(1.0),12/06/25 23:00:00,Annual,Total,From 25 to 34 years,Percentage,Tertiary education (levels 5-8),Slovakia,2013,29.7,,
ESTAT:EDAT_LFSE_03(1.0),12/06/25 23:00:00,Annual,Total,From 25 to 34 years,Percentage,Tertiary education (levels 5-8),Slovakia,2014,29.8,b,
ESTAT:EDAT_LFSE_03(1.0),12/06/25 23:00:00,Annual,Total,From 25 to 34 years,Percentage,Tertiary education (levels 5-8),Slovakia,2015,31.3,,
ESTAT:EDAT_LFSE_03(1.0),12/06/25 23:00:00,Annual,Total,From 25 to 34 years,Percentage,Tertiary education (levels 5-8),Slovakia,2016,33.4,,
ESTAT:EDAT_LFSE_03(1.0),12/06/25 23:00:00,Annual,Total,From 25 to 34 years,Percentage,Tertiary education (levels 5-8),Slovakia,2017,35.1,,
ESTAT:EDAT_LFSE_03(1.0),12/06/25 23:00:00,Annual,Total,From 25 to 34 years,Percentage,Tertiary education (levels 5-8),Slovakia,2018,37.2,,
ESTAT:EDAT_LFSE_03(1.0),12/06/25 23:00:00,Annual,Total,From 25 to 34 years,Percentage,Tertiary education (levels 5-8),Slovakia,2019,39.2,,
ESTAT:EDAT_LFSE_03(1.0),12/06/25 23:00:00,Annual,Total,From 25 to 34 years,Percentage,Tertiary education (levels 5-8),Slovakia,2020,39.0,,
ESTAT:EDAT_LFSE_03(1.0),12/06/25 23:00:00,Annual,Total,From 25 to 34 years,Percentage,Tertiary education (levels 5-8),Slovakia,2021,39.5,b,
ESTAT:EDAT_LFSE_03(1.0),12/06/25 23:00:00,Annual,Total,From 25 to 34 years,Percentage,Tertiary education (levels 5-8),Slovakia,2022,39.1,,
ESTAT:EDAT_LFSE_03(1.0),12/06/25 23:00:00,Annual,Total,From 25 to 34 years,Percentage,Tertiary education (levels 5-8),Slovakia,2023,39.8,,
ESTAT:EDAT_LFSE_03(1.0),12/06/25 23:00:00,Annual,Total,From 25 to 34 years,Percentage,Tertiary education (levels 5-8),Slovakia,2024,37.2,,
ESTAT:EDAT_LFSE_03(1.0),12/06/25 23:00:00,Annual,Total,From 25 to 34 years,Percentage,Tertiary education (levels 5-8),Türkiye,2013,21.5,,
ESTAT:EDAT_LFSE_03(1.0),12/06/25 23:00:00,Annual,Total,From 25 to 34 years,Percentage,Tertiary education (levels 5-8),Türkiye,2014,23.8,b,
ESTAT:EDAT_LFSE_03(1.0),12/06/25 23:00:00,Annual,Total,From 25 to 34 years,Percentage,Tertiary education (levels 5-8),Türkiye,2015,26.5,,
ESTAT:EDAT_LFSE_03(1.0),12/06/25 23:00:00,Annual,Total,From 25 to 34 years,Percentage,Tertiary education (levels 5-8),Türkiye,2016,29.4,,
ESTAT:EDAT_LFSE_03(1.0),12/06/25 23:00:00,Annual,Total,From 25 to 34 years,Percentage,Tertiary education (levels 5-8),Türkiye,2017,30.5,,
ESTAT:EDAT_LFSE_03(1.0),12/06/25 23:00:00,Annual,Total,From 25 to 34 years,Percentage,Tertiary education (levels 5-8),Türkiye,2018,32.1,,
ESTAT:EDAT_LFSE_03(1.0),12/06/25 23:00:00,Annual,Total,From 25 to 34 years,Percentage,Tertiary education (levels 5-8),Türkiye,2019,34.1,,
ESTAT:EDAT_LFSE_03(1.0),12/06/25 23:00:00,Annual,Total,From 25 to 34 years,Percentage,Tertiary education (levels 5-8),Türkiye,2020,36.2,,
ESTAT:EDAT_LFSE_03(1.0),12/06/25 23:00:00,Annual,Total,From 25 to 34 years,Percentage,Tertiary education (levels 5-8),Türkiye,2021,38.6,b,
ESTAT:EDAT_LFSE_03(1.0),12/06/25 23:00:00,Annual,Total,From 25 to 34 years,Percentage,Tertiary education (levels 5-8),Türkiye,2022,40.2,,
ESTAT:EDAT_LFSE_03(1.0),12/06/25 23:00:00,Annual,Total,From 25 to 34 years,Percentage,Tertiary education (levels 5-8),Türkiye,2023,41.7,,
ESTAT:EDAT_LFSE_03(1.0),12/06/25 23:00:00,Annual,Total,From 25 to 34 years,Percentage,Tertiary education (levels 5-8),Türkiye,2024,43.3,,
ESTAT:EDAT_LFSE_03(1.0),12/06/25 23:00:00,Annual,Total,From 25 to 34 years,Percentage,Tertiary education (levels 5-8),United Kingdom,2013,45.2,,
ESTAT:EDAT_LFSE_03(1.0),12/06/25 23:00:00,Annual,Total,From 25 to 34 years,Percentage,Tertiary education (levels 5-8),United Kingdom,2014,45.8,b,
ESTAT:EDAT_LFSE_03(1.0),12/06/25 23:00:00,Annual,Total,From 25 to 34 years,Percentage,Tertiary education (levels 5-8),United Kingdom,2015,46.9,,
ESTAT:EDAT_LFSE_03(1.0),12/06/25 23:00:00,Annual,Total,From 25 to 34 years,Percentage,Tertiary education (levels 5-8),United Kingdom,2016,47.1,,
ESTAT:EDAT_LFSE_03(1.0),12/06/25 23:00:00,Annual,Total,From 25 to 34 years,Percentage,Tertiary education (levels 5-8),United Kingdom,2017,47.2,,
ESTAT:EDAT_LFSE_03(1.0),12/06/25 23:00:00,Annual,Total,From 25 to 34 years,Percentage,Tertiary education (levels 5-8),United Kingdom,2018,48.1,,
ESTAT:EDAT_LFSE_03(1.0),12/06/25 23:00:00,Annual,Total,From 25 to 34 years,Percentage,Tertiary education (levels 5-8),United Kingdom,2019,49.4,,
